0,0.01,0,908.992,20.9384,-12.039,0.00295679,21.7053,-13.3452,0.000105714,0.157209,-18.9613,0.000124898,24.0004,-16.6387,0.00041855,17.9989,30.1143,-0.162955,0.407423,12.9876,49.8214,-13.6066,0.182555,16.4232,48.0473,-11.1723,0.166769,13.722,0.544425,9.29491
0,0.01,0,908.992,20.9384,-12.039,0.00295679,21.7053,-13.3452,0.000105714,0.157209,-18.9613,0.000124898,24.0004,-16.6387,0.00041855,17.9989,30.1143,-0.162955,0.407423,12.9876,49.8214,-13.6066,0.182555,16.4232,48.0473,-11.1723,0.166769,13.722,0.544425,9.29491
0,0.01,0,905.974,20.9384,-12.039,0.00295679,21.7053,-13.3452,0.000105714,0.157209,-18.9613,0.000124898,24.0004,-16.6387,0.00041855,17.9989,30.1143,-0.162955,0.407423,12.9876,49.8214,-13.6066,0.182555,16.4232,48.0473,-11.1723,0.166769,13.722,0.544425,9.29491
0,0.01,0,907.407,20.9384,-12.039,0.00295679,21.7053,-13.3452,0.000105714,0.157209,-18.9613,0.000124898,24.0004,-16.6387,0.00041855,17.9989,30.1143,-0.162955,0.407423,12.9876,49.8214,-13.6066,0.182555,16.4232,48.0473,-11.1723,0.166769,13.722,0.544425,9.29491
0,0.01,0,907.407,20.9384,-12.039,0.00295679,21.7053,-13.3452,0.000105714,0.157209,-18.9613,0.000124898,24.0004,-16.6387,0.00041855,17.9989,30.1143,-0.162955,0.407423,12.9876,49.8214,-13.6066,0.182555,16.4232,48.0473,-11.1723,0.166769,13.722,0.544425,9.29491
0,0.01,0,907.407,20.9384,-12.039,0.00295679,21.7053,-13.3452,0.000105714,0.157209,-18.9613,0.000124898,24.0004,-16.6387,0.00041855,17.9989,30.1143,-0.162955,0.407423,12.9876,49.8214,-13.6066,0.182555,16.4232,48.0473,-11.1723,0.166769,13.722,0.544425,9.29491
0,0.01,0,907.407,20.9384,-12.039,0.00295679,21.7053,-13.3452,0.000105714,0.157209,-18.9613,0.000124898,24.0004,-16.6387,0.00041855,17.9989,30.1143,-0.162955,0.407423,12.9876,49.8214,-13.6066,0.182555,16.4232,48.0473,-11.1723,0.166769,13.722,0.544425,9.29491
0,0.01,0,907.407,20.9384,-12.039,0.00295679,21.7053,-13.3452,0.000105714,0.157209,-18.9613,0.000124898,24.0004,-16.6387,0.00041855,17.9989,30.1143,-0.162955,0.407423,12.9876,49.8214,-13.6066,0.182555,16.4232,48.0473,-11.1723,0.166769,13.722,0.544425,9.29491
0,0.01,0,906.406,20.9384,-12.039,0.00295679,21.7053,-13.3452,0.000105714,0.157209,-18.9613,0.000124898,24.0004,-16.6387,0.00041855,17.9989,30.1143,-0.162955,0.407423,12.9876,49.8214,-13.6066,0.182555,16.4232,48.0473,-11.1723,0.166769,13.722,0.544425,9.29491
0,0.01,0,906.406,20.9384,-12.039,0.00295679,21.7053,-13.3452,0.000105714,0.157209,-18.9613,0.000124898,24.0004,-16.6387,0.00041855,17.9989,30.1143,-0.162955,0.407423,12.9876,49.8214,-13.6066,0.182555,16.4232,48.0473,-11.1723,0.166769,13.722,0.544425,9.29491
0,0.01,0,906.406,20.9384,-12.039,0.00295679,21.7053,-13.3452,0.000105714,0.157209,-18.9613,0.000124898,24.0004,-16.6387,0.00041855,17.9989,30.1143,-0.162955,0.407423,12.9876,49.8214,-13.6066,0.182555,16.4232,48.0473,-11.1723,0.166769,13.722,0.544425,9.29491
0,0.01,1,907.407,20.9384,-12.039,0.00295679,21.7053,-13.3452,0.000105714,0.157209,-18.9613,0.000124898,24.0004,-16.6387,0.00041855,17.9989,30.1143,-0.162955,0.407423,12.9876,49.8214,-13.6066,0.182555,16.4232,48.0473,-11.1723,0.166769,13.722,0.544425,9.29491
0,0.01,0,908.992,20.9384,-12.039,0.00295679,21.7053,-13.3452,0.000105714,0.157209,-18.9613,0.000124898,24.0004,-16.6387,0.00041855,17.9989,30.1143,-0.162955,0.407423,12.9876,49.8214,-13.6066,0.182555,16.4232,48.0473,-11.1723,0.166769,13.722,0.544425,9.29491
0,0.01,0,908.992,20.9384,-12.039,0.00295679,21.7053,-13.3452,0.000105714,0.157209,-18.9613,0.000124898,24.0004,-16.6387,0.00041855,17.9989,30.1143,-0.162955,0.407423,12.9876,49.8214,-13.6066,0.182555,16.4232,48.0473,-11.1723,0.166769,13.722,0.544425,9.29491
0,0.01,1,907.407,20.9384,-12.039,0.00295679,21.7053,-13.3452,0.000105714,0.157209,-18.9613,0.000124898,24.0004,-16.6387,0.00041855,17.9989,30.1143,-0.162955,0.407423,12.9876,49.8214,-13.6066,0.182555,16.4232,48.0473,-11.1723,0.166769,13.722,0.544425,9.29491
0,0.01,0,905.974,20.9384,-12.039,0.00295679,21.7053,-13.3452,0.000105714,0.157209,-18.9613,0.000124898,24.0004,-16.6387,0.00041855,17.9989,30.1143,-0.162955,0.407423,12.9876,49.8214,-13.6066,0.182555,16.4232,48.0473,-11.1723,0.166769,13.722,0.544425,9.29491
0,0.01,0,907.407,20.9384,-12.039,0.00295679,21.7053,-13.3452,0.000105714,0.157209,-18.9613,0.000124898,24.0004,-16.6387,0.00041855,17.9989,30.1143,-0.162955,0.407423,12.9876,49.8214,-13.6066,0.182555,16.4232,48.0473,-11.1723,0.166769,13.722,0.544425,9.29491
0,0.01,0,905.943,20.9384,-12.039,0.00295679,21.7053,-13.3452,0.000105714,0.157209,-18.9613,0.000124898,24.0004,-16.6387,0.00041855,17.9989,30.1143,-0.162955,0.407423,12.9876,49.8214,-13.6066,0.182555,16.4232,48.0473,-11.1723,0.166769,13.722,0.544425,9.29491
0,0.01,0,908.683,20.9384,-12.039,0.00295679,21.7053,-13.3452,0.000105714,0.157209,-18.9613,0.000124898,24.0004,-16.6387,0.00041855,17.9989,30.1143,-0.162955,0.407423,12.9876,49.8214,-13.6066,0.182555,16.4232,48.0473,-11.1723,0.166769,13.722,0.544425,9.29491
0,0.01,0,905.943,20.9384,-12.039,0.00295679,21.7053,-13.3452,0.000105714,0.157209,-18.9613,0.000124898,24.0004,-16.6387,0.00041855,17.9989,30.1143,-0.162955,0.407423,12.9876,49.8214,-13.6066,0.182555,16.4232,48.0473,-11.1723,0.166769,13.722,0.544425,9.29491
0,0.01,0,908.992,20.9384,-12.039,0.00295679,21.7053,-13.3452,0.000105714,0.157209,-18.9613,0.000124898,24.0004,-16.6387,0.00041855,17.9989,30.1143,-0.162955,0.407423,12.9876,49.8214,-13.6066,0.182555,16.4232,48.0473,-11.1723,0.166769,13.722,0.544425,9.29491
0,0.01,0,906.406,20.9384,-12.039,0.00295679,21.7053,-13.3452,0.000105714,0.157209,-18.9613,0.000124898,24.0004,-16.6387,0.00041855,17.9989,30.1143,-0.162955,0.407423,12.9876,49.8214,-13.6066,0.182555,16.4232,48.0473,-11.1723,0.166769,13.722,0.544425,9.29491
0,0.01,0,908.992,20.9384,-12.039,0.00295679,21.7053,-13.3452,0.000105714,0.157209,-18.9613,0.000124898,24.0004,-16.6387,0.00041855,17.9989,30.1143,-0.162955,0.407423,12.9876,49.8214,-13.6066,0.182555,16.4232,48.0473,-11.1723,0.166769,13.722,0.544425,9.29491
0,0.01,1,908.992,20.9384,-12.039,0.00295679,21.7053,-13.3452,0.000105714,0.157209,-18.9613,0.000124898,24.0004,-16.6387,0.00041855,17.9989,30.1143,-0.162955,0.407423,12.9876,49.8214,-13.6066,0.182555,16.4232,48.0473,-11.1723,0.166769,13.722,0.544425,9.29491
0,0.01,0,906.463,20.9384,-12.039,0.00295679,21.7053,-13.3452,0.000105714,0.157209,-18.9613,0.000124898,24.0004,-16.6387,0.00041855,17.9989,30.1143,-0.162955,0.407423,12.9876,49.8214,-13.6066,0.182555,16.4232,48.0473,-11.1723,0.166769,13.722,0.544425,9.29491
0,0.01,0,908.992,20.9384,-12.039,0.00295679,21.7053,-13.3452,0.000105714,0.157209,-18.9613,0.000124898,24.0004,-16.6387,0.00041855,17.9989,30.1143,-0.162955,0.407423,12.9876,49.8214,-13.6066,0.182555,16.4232,48.0473,-11.1723,0.166769,13.722,0.544425,9.29491
0,0.01,0,907.407,20.9384,-12.039,0.00295679,21.7053,-13.3452,0.000105714,0.157209,-18.9613,0.000124898,24.0004,-16.6387,0.00041855,17.9989,30.1143,-0.162955,0.407423,12.9876,49.8214,-13.6066,0.182555,16.4232,48.0473,-11.1723,0.166769,13.722,0.544425,9.29491
0,0.01,0,907.407,20.9384,-12.039,0.00295679,21.7053,-13.3452,0.000105714,0.157209,-18.9613,0.000124898,24.0004,-16.6387,0.00041855,17.9989,30.1143,-0.162955,0.407423,12.9876,49.8214,-13.6066,0.182555,16.4232,48.0473,-11.1723,0.166769,13.722,0.544425,9.29491
0,0.01,0,905.974,20.9384,-12.039,0.00295679,21.7053,-13.3452,0.000105714,0.157209,-18.9613,0.000124898,24.0004,-16.6387,0.00041855,17.9989,30.1143,-0.162955,0.407423,12.9876,49.8214,-13.6066,0.182555,16.4232,48.0473,-11.1723,0.166769,13.722,0.544425,9.29491
0,0.01,0,906.406,20.9384,-12.039,0.00295679,21.7053,-13.3452,0.000105714,0.157209,-18.9613,0.000124898,24.0004,-16.6387,0.00041855,17.9989,30.1143,-0.162955,0.407423,12.9876,49.8214,-13.6066,0.182555,16.4232,48.0473,-11.1723,0.166769,13.722,0.544425,9.29491
0,0.01,1,906.406,20.9384,-12.039,0.00295679,21.7053,-13.3452,0.000105714,0.157209,-18.9613,0.000124898,24.0004,-16.6387,0.00041855,17.9989,30.1143,-0.162955,0.407423,12.9876,49.8214,-13.6066,0.182555,16.4232,48.0473,-11.1723,0.166769,13.722,0.544425,9.29491
0,0.01,0,905.943,20.9384,-12.039,0.00295679,21.7053,-13.3452,0.000105714,0.157209,-18.9613,0.000124898,24.0004,-16.6387,0.00041855,17.9989,30.1143,-0.162955,0.407423,12.9876,49.8214,-13.6066,0.182555,16.4232,48.0473,-11.1723,0.166769,13.722,0.544425,9.29491
0,0.01,0,908.683,20.9384,-12.039,0.00295679,21.7053,-13.3452,0.000105714,0.157209,-18.9613,0.000124898,24.0004,-16.6387,0.00041855,17.9989,30.1143,-0.162955,0.407423,12.9876,49.8214,-13.6066,0.182555,16.4232,48.0473,-11.1723,0.166769,13.722,0.544425,9.29491
0,0.01,0,907.407,20.9384,-12.039,0.00295679,21.7053,-13.3452,0.000105714,0.157209,-18.9613,0.000124898,24.0004,-16.6387,0.00041855,17.9989,30.1143,-0.162955,0.407423,12.9876,49.8214,-13.6066,0.182555,16.4232,48.0473,-11.1723,0.166769,13.722,0.544425,9.29491
0,0.01,1,905.974,20.9384,-12.039,0.00295679,21.7053,-13.3452,0.000105714,0.157209,-18.9613,0.000124898,24.0004,-16.6387,0.00041855,17.9989,30.1143,-0.162955,0.407423,12.9876,49.8214,-13.6066,0.182555,16.4232,48.0473,-11.1723,0.166769,13.722,0.544425,9.29491
0,0.01,0,906.406,20.9384,-12.039,0.00295679,21.7053,-13.3452,0.000105714,0.157209,-18.9613,0.000124898,24.0004,-16.6387,0.00041855,17.9989,30.1143,-0.162955,0.407423,12.9876,49.8214,-13.6066,0.182555,16.4232,48.0473,-11.1723,0.166769,13.722,0.544425,9.29491
0,0.01,0,905.943,20.9384,-12.039,0.00295679,21.7053,-13.3452,0.000105714,0.157209,-18.9613,0.000124898,24.0004,-16.6387,0.00041855,17.9989,30.1143,-0.162955,0.407423,12.9876,49.8214,-13.6066,0.182555,16.4232,48.0473,-11.1723,0.166769,13.722,0.544425,9.29491
0,0.01,1,906.463,20.9384,-12.039,0.00295679,21.7053,-13.3452,0.000105714,0.157209,-18.9613,0.000124898,24.0004,-16.6387,0.00041855,17.9989,30.1143,-0.162955,0.407423,12.9876,49.8214,-13.6066,0.182555,16.4232,48.0473,-11.1723,0.166769,13.722,0.544425,9.29491
0,0.01,0,907.407,20.9384,-12.039,0.00295679,21.7053,-13.3452,0.000105714,0.157209,-18.9613,0.000124898,24.0004,-16.6387,0.00041855,17.9989,30.1143,-0.162955,0.407423,12.9876,49.8214,-13.6066,0.182555,16.4232,48.0473,-11.1723,0.166769,13.722,0.544425,9.29491
0,0.01,0,906.406,20.9384,-12.039,0.00295679,21.7053,-13.3452,0.000105714,0.157209,-18.9613,0.000124898,24.0004,-16.6387,0.00041855,17.9989,30.1143,-0.162955,0.407423,12.9876,49.8214,-13.6066,0.182555,16.4232,48.0473,-11.1723,0.166769,13.722,0.544425,9.29491
0,0.01,1,906.463,20.9384,-12.039,0.00295679,21.7053,-13.3452,0.000105714,0.157209,-18.9613,0.000124898,24.0004,-16.6387,0.00041855,17.9989,30.1143,-0.162955,0.407423,12.9876,49.8214,-13.6066,0.182555,16.4232,48.0473,-11.1723,0.166769,13.722,0.544425,9.29491
0,0.01,1,907.407,20.9384,-12.039,0.00295679,21.7053,-13.3452,0.000105714,0.157209,-18.9613,0.000124898,24.0004,-16.6387,0.00041855,17.9989,30.1143,-0.162955,0.407423,12.9876,49.8214,-13.6066,0.182555,16.4232,48.0473,-11.1723,0.166769,13.722,0.544425,9.29491
0,0.01,0,905.974,20.9384,-12.039,0.00295679,21.7053,-13.3452,0.000105714,0.157209,-18.9613,0.000124898,24.0004,-16.6387,0.00041855,17.9989,30.1143,-0.162955,0.407423,12.9876,49.8214,-13.6066,0.182555,16.4232,48.0473,-11.1723,0.166769,13.722,0.544425,9.29491
0,0.01,0,905.974,20.9384,-12.039,0.00295679,21.7053,-13.3452,0.000105714,0.157209,-18.9613,0.000124898,24.0004,-16.6387,0.00041855,17.9989,30.1143,-0.162955,0.407423,12.9876,49.8214,-13.6066,0.182555,16.4232,48.0473,-11.1723,0.166769,13.722,0.544425,9.29491
0,0.01,0,907.407,20.9384,-12.039,0.00295679,21.7053,-13.3452,0.000105714,0.157209,-18.9613,0.000124898,24.0004,-16.6387,0.00041855,17.9989,30.1143,-0.162955,0.407423,12.9876,49.8214,-13.6066,0.182555,16.4232,48.0473,-11.1723,0.166769,13.722,0.544425,9.29491
0,0.01,0,906.406,20.9384,-12.039,0.00295679,21.7053,-13.3452,0.000105714,0.157209,-18.9613,0.000124898,24.0004,-16.6387,0.00041855,17.9989,30.1143,-0.162955,0.407423,12.9876,49.8214,-13.6066,0.182555,16.4232,48.0473,-11.1723,0.166769,13.722,0.544425,9.29491
0,0.01,0,905.974,20.9384,-12.039,0.00295679,21.7053,-13.3452,0.000105714,0.157209,-18.9613,0.000124898,24.0004,-16.6387,0.00041855,17.9989,30.1143,-0.162955,0.407423,12.9876,49.8214,-13.6066,0.182555,16.4232,48.0473,-11.1723,0.166769,13.722,0.544425,9.29491
0,0.01,1,906.406,20.9384,-12.039,0.00295679,21.7053,-13.3452,0.000105714,0.157209,-18.9613,0.000124898,24.0004,-16.6387,0.00041855,17.9989,30.1143,-0.162955,0.407423,12.9876,49.8214,-13.6066,0.182555,16.4232,48.0473,-11.1723,0.166769,13.722,0.544425,9.29491
0,0.01,0,908.992,20.9384,-12.039,0.00295679,21.7053,-13.3452,0.000105714,0.157209,-18.9613,0.000124898,24.0004,-16.6387,0.00041855,17.9989,30.1143,-0.162955,0.407423,12.9876,49.8214,-13.6066,0.182555,16.4232,48.0473,-11.1723,0.166769,13.722,0.544425,9.29491
0,0.01,0,908.683,20.9384,-12.039,0.00295679,21.7053,-13.3452,0.000105714,0.157209,-18.9613,0.000124898,24.0004,-16.6387,0.00041855,17.9989,30.1143,-0.162955,0.407423,12.9876,49.8214,-13.6066,0.182555,16.4232,48.0473,-11.1723,0.166769,13.722,0.544425,9.29491
0,0.01,0,905.943,20.9384,-12.039,0.00295679,21.7053,-13.3452,0.000105714,0.157209,-18.9613,0.000124898,24.0004,-16.6387,0.00041855,17.9989,30.1143,-0.162955,0.407423,12.9876,49.8214,-13.6066,0.182555,16.4232,48.0473,-11.1723,0.166769,13.722,0.544425,9.29491
0,0.01,0,905.943,20.9384,-12.039,0.00295679,21.7053,-13.3452,0.000105714,0.157209,-18.9613,0.000124898,24.0004,-16.6387,0.00041855,17.9989,30.1143,-0.162955,0.407423,12.9876,49.8214,-13.6066,0.182555,16.4232,48.0473,-11.1723,0.166769,13.722,0.544425,9.29491
0,0.01,0,905.943,20.9384,-12.039,0.00295679,21.7053,-13.3452,0.000105714,0.157209,-18.9613,0.000124898,24.0004,-16.6387,0.00041855,17.9989,30.1143,-0.162955,0.407423,12.9876,49.8214,-13.6066,0.182555,16.4232,48.0473,-11.1723,0.166769,13.722,0.544425,9.29491
0,0.01,1,905.943,20.9384,-12.039,0.00295679,21.7053,-13.3452,0.000105714,0.157209,-18.9613,0.000124898,24.0004,-16.6387,0.00041855,17.9989,30.1143,-0.162955,0.407423,12.9876,49.8214,-13.6066,0.182555,16.4232,48.0473,-11.1723,0.166769,13.722,0.544425,9.29491
0,0.01,0,906.406,20.9384,-12.039,0.00295679,21.7053,-13.3452,0.000105714,0.157209,-18.9613,0.000124898,24.0004,-16.6387,0.00041855,17.9989,30.1143,-0.162955,0.407423,12.9876,49.8214,-13.6066,0.182555,16.4232,48.0473,-11.1723,0.166769,13.722,0.544425,9.29491
0,0.01,0,906.406,20.9384,-12.039,0.00295679,21.7053,-13.3452,0.000105714,0.157209,-18.9613,0.000124898,24.0004,-16.6387,0.00041855,17.9989,30.1143,-0.162955,0.407423,12.9876,49.8214,-13.6066,0.182555,16.4232,48.0473,-11.1723,0.166769,13.722,0.544425,9.29491
0,0.01,0,905.943,20.9384,-12.039,0.00295679,21.7053,-13.3452,0.000105714,0.157209,-18.9613,0.000124898,24.0004,-16.6387,0.00041855,17.9989,30.1143,-0.162955,0.407423,12.9876,49.8214,-13.6066,0.182555,16.4232,48.0473,-11.1723,0.166769,13.722,0.544425,9.29491
0,0.01,0,907.407,20.9384,-12.039,0.00295679,21.7053,-13.3452,0.000105714,0.157209,-18.9613,0.000124898,24.0004,-16.6387,0.00041855,17.9989,30.1143,-0.162955,0.407423,12.9876,49.8214,-13.6066,0.182555,16.4232,48.0473,-11.1723,0.166769,13.722,0.544425,9.29491
0,0.01,0,905.943,20.9384,-12.039,0.00295679,21.7053,-13.3452,0.000105714,0.157209,-18.9613,0.000124898,24.0004,-16.6387,0.00041855,17.9989,30.1143,-0.162955,0.407423,12.9876,49.8214,-13.6066,0.182555,16.4232,48.0473,-11.1723,0.166769,13.722,0.544425,9.29491
0,0.01,0,905.974,20.9384,-12.039,0.00295679,21.7053,-13.3452,0.000105714,0.157209,-18.9613,0.000124898,24.0004,-16.6387,0.00041855,17.9989,30.1143,-0.162955,0.407423,12.9876,49.8214,-13.6066,0.182555,16.4232,48.0473,-11.1723,0.166769,13.722,0.544425,9.29491
0,0.01,1,908.992,20.9384,-12.039,0.00295679,21.7053,-13.3452,0.000105714,0.157209,-18.9613,0.000124898,24.0004,-16.6387,0.00041855,17.9989,30.1143,-0.162955,0.407423,12.9876,49.8214,-13.6066,0.182555,16.4232,48.0473,-11.1723,0.166769,13.722,0.544425,9.29491
0,0.01,0,908.992,20.9384,-12.039,0.00295679,21.7053,-13.3452,0.000105714,0.157209,-18.9613,0.000124898,24.0004,-16.6387,0.00041855,17.9989,30.1143,-0.162955,0.407423,12.9876,49.8214,-13.6066,0.182555,16.4232,48.0473,-11.1723,0.166769,13.722,0.544425,9.29491
0,0.01,0,908.992,20.9384,-12.039,0.00295679,21.7053,-13.3452,0.000105714,0.157209,-18.9613,0.000124898,24.0004,-16.6387,0.00041855,17.9989,30.1143,-0.162955,0.407423,12.9876,49.8214,-13.6066,0.182555,16.4232,48.0473,-11.1723,0.166769,13.722,0.544425,9.29491
0,0.01,1,905.974,20.9384,-12.039,0.00295679,21.7053,-13.3452,0.000105714,0.157209,-18.9613,0.000124898,24.0004,-16.6387,0.00041855,17.9989,30.1143,-0.162955,0.407423,12.9876,49.8214,-13.6066,0.182555,16.4232,48.0473,-11.1723,0.166769,13.722,0.544425,9.29491
0,0.01,0,908.992,20.9384,-12.039,0.00295679,21.7053,-13.3452,0.000105714,0.157209,-18.9613,0.000124898,24.0004,-16.6387,0.00041855,17.9989,30.1143,-0.162955,0.407423,12.9876,49.8214,-13.6066,0.182555,16.4232,48.0473,-11.1723,0.166769,13.722,0.544425,9.29491
0,0.01,1,907.407,20.9384,-12.039,0.00295679,21.7053,-13.3452,0.000105714,0.157209,-18.9613,0.000124898,24.0004,-16.6387,0.00041855,17.9989,30.1143,-0.162955,0.407423,12.9876,49.8214,-13.6066,0.182555,16.4232,48.0473,-11.1723,0.166769,13.722,0.544425,9.29491
0,0.01,0,908.992,20.9384,-12.039,0.00295679,21.7053,-13.3452,0.000105714,0.157209,-18.9613,0.000124898,24.0004,-16.6387,0.00041855,17.9989,30.1143,-0.162955,0.407423,12.9876,49.8214,-13.6066,0.182555,16.4232,48.0473,-11.1723,0.166769,13.722,0.544425,9.29491
0,0.01,1,908.992,20.9384,-12.039,0.00295679,21.7053,-13.3452,0.000105714,0.157209,-18.9613,0.000124898,24.0004,-16.6387,0.00041855,17.9989,30.1143,-0.162955,0.407423,12.9876,49.8214,-13.6066,0.182555,16.4232,48.0473,-11.1723,0.166769,13.722,0.544425,9.29491
0,0.01,0,907.407,20.9384,-12.039,0.00295679,21.7053,-13.3452,0.000105714,0.157209,-18.9613,0.000124898,24.0004,-16.6387,0.00041855,17.9989,30.1143,-0.162955,0.407423,12.9876,49.8214,-13.6066,0.182555,16.4232,48.0473,-11.1723,0.166769,13.722,0.544425,9.29491
0,0.01,0,908.992,20.9384,-12.039,0.00295679,21.7053,-13.3452,0.000105714,0.157209,-18.9613,0.000124898,24.0004,-16.6387,0.00041855,17.9989,30.1143,-0.162955,0.407423,12.9876,49.8214,-13.6066,0.182555,16.4232,48.0473,-11.1723,0.166769,13.722,0.544425,9.29491
0,0.01,1,908.992,20.9384,-12.039,0.00295679,21.7053,-13.3452,0.000105714,0.157209,-18.9613,0.000124898,24.0004,-16.6387,0.00041855,17.9989,30.1143,-0.162955,0.407423,12.9876,49.8214,-13.6066,0.182555,16.4232,48.0473,-11.1723,0.166769,13.722,0.544425,9.29491
0,0.01,0,905.943,20.9384,-12.039,0.00295679,21.7053,-13.3452,0.000105714,0.157209,-18.9613,0.000124898,24.0004,-16.6387,0.00041855,17.9989,30.1143,-0.162955,0.407423,12.9876,49.8214,-13.6066,0.182555,16.4232,48.0473,-11.1723,0.166769,13.722,0.544425,9.29491
0,0.01,0,906.406,20.9384,-12.039,0.00295679,21.7053,-13.3452,0.000105714,0.157209,-18.9613,0.000124898,24.0004,-16.6387,0.00041855,17.9989,30.1143,-0.162955,0.407423,12.9876,49.8214,-13.6066,0.182555,16.4232,48.0473,-11.1723,0.166769,13.722,0.544425,9.29491
0,0.01,0,906.406,20.9384,-12.039,0.00295679,21.7053,-13.3452,0.000105714,0.157209,-18.9613,0.000124898,24.0004,-16.6387,0.00041855,17.9989,30.1143,-0.162955,0.407423,12.9876,49.8214,-13.6066,0.182555,16.4232,48.0473,-11.1723,0.166769,13.722,0.544425,9.29491
0,0.01,0,908.992,20.9384,-12.039,0.00295679,21.7053,-13.3452,0.000105714,0.157209,-18.9613,0.000124898,24.0004,-16.6387,0.00041855,17.9989,30.1143,-0.162955,0.407423,12.9876,49.8214,-13.6066,0.182555,16.4232,48.0473,-11.1723,0.166769,13.722,0.544425,9.29491
0,0.01,0,906.406,20.9384,-12.039,0.00295679,21.7053,-13.3452,0.000105714,0.157209,-18.9613,0.000124898,24.0004,-16.6387,0.00041855,17.9989,30.1143,-0.162955,0.407423,12.9876,49.8214,-13.6066,0.182555,16.4232,48.0473,-11.1723,0.166769,13.722,0.544425,9.29491
0,0.01,0,905.943,20.9384,-12.039,0.00295679,21.7053,-13.3452,0.000105714,0.157209,-18.9613,0.000124898,24.0004,-16.6387,0.00041855,17.9989,30.1143,-0.162955,0.407423,12.9876,49.8214,-13.6066,0.182555,16.4232,48.0473,-11.1723,0.166769,13.722,0.544425,9.29491
0,0.01,1,906.406,20.9384,-12.039,0.00295679,21.7053,-13.3452,0.000105714,0.157209,-18.9613,0.000124898,24.0004,-16.6387,0.00041855,17.9989,30.1143,-0.162955,0.407423,12.9876,49.8214,-13.6066,0.182555,16.4232,48.0473,-11.1723,0.166769,13.722,0.544425,9.29491
0,0.01,0,906.406,20.9384,-12.039,0.00295679,21.7053,-13.3452,0.000105714,0.157209,-18.9613,0.000124898,24.0004,-16.6387,0.00041855,17.9989,30.1143,-0.162955,0.407423,12.9876,49.8214,-13.6066,0.182555,16.4232,48.0473,-11.1723,0.166769,13.722,0.544425,9.29491
0,0.01,1,905.943,20.9384,-12.039,0.00295679,21.7053,-13.3452,0.000105714,0.157209,-18.9613,0.000124898,24.0004,-16.6387,0.00041855,17.9989,30.1143,-0.162955,0.407423,12.9876,49.8214,-13.6066,0.182555,16.4232,48.0473,-11.1723,0.166769,13.722,0.544425,9.29491
0,0.01,0,906.406,20.9384,-12.039,0.00295679,21.7053,-13.3452,0.000105714,0.157209,-18.9613,0.000124898,24.0004,-16.6387,0.00041855,17.9989,30.1143,-0.162955,0.407423,12.9876,49.8214,-13.6066,0.182555,16.4232,48.0473,-11.1723,0.166769,13.722,0.544425,9.29491
0,0.01,1,908.992,20.9384,-12.039,0.00295679,21.7053,-13.3452,0.000105714,0.157209,-18.9613,0.000124898,24.0004,-16.6387,0.00041855,17.9989,30.1143,-0.162955,0.407423,12.9876,49.8214,-13.6066,0.182555,16.4232,48.0473,-11.1723,0.166769,13.722,0.544425,9.29491
0,0.01,0,908.992,20.9384,-12.039,0.00295679,21.7053,-13.3452,0.000105714,0.157209,-18.9613,0.000124898,24.0004,-16.6387,0.00041855,17.9989,30.1143,-0.162955,0.407423,12.9876,49.8214,-13.6066,0.182555,16.4232,48.0473,-11.1723,0.166769,13.722,0.544425,9.29491
0,0.01,0,905.943,20.9384,-12.039,0.00295679,21.7053,-13.3452,0.000105714,0.157209,-18.9613,0.000124898,24.0004,-16.6387,0.00041855,17.9989,30.1143,-0.162955,0.407423,12.9876,49.8214,-13.6066,0.182555,16.4232,48.0473,-11.1723,0.166769,13.722,0.544425,9.29491
0,0.01,0,907.376,20.9384,-12.039,0.00295679,21.7053,-13.3452,0.000105714,0.157209,-18.9613,0.000124898,24.0004,-16.6387,0.00041855,17.9989,30.1143,-0.162955,0.407423,12.9876,49.8214,-13.6066,0.182555,16.4232,48.0473,-11.1723,0.166769,13.722,0.544425,9.29491
0,0.01,0,907.407,20.9384,-12.039,0.00295679,21.7053,-13.3452,0.000105714,0.157209,-18.9613,0.000124898,24.0004,-16.6387,0.00041855,17.9989,30.1143,-0.162955,0.407423,12.9876,49.8214,-13.6066,0.182555,16.4232,48.0473,-11.1723,0.166769,13.722,0.544425,9.29491
0,0.01,0,907.407,20.9384,-12.039,0.00295679,21.7053,-13.3452,0.000105714,0.157209,-18.9613,0.000124898,24.0004,-16.6387,0.00041855,17.9989,30.1143,-0.162955,0.407423,12.9876,49.8214,-13.6066,0.182555,16.4232,48.0473,-11.1723,0.166769,13.722,0.544425,9.29491
0,0.01,0,905.943,20.9384,-12.039,0.00295679,21.7053,-13.3452,0.000105714,0.157209,-18.9613,0.000124898,24.0004,-16.6387,0.00041855,17.9989,30.1143,-0.162955,0.407423,12.9876,49.8214,-13.6066,0.182555,16.4232,48.0473,-11.1723,0.166769,13.722,0.544425,9.29491
0,0.01,0,906.463,20.9384,-12.039,0.00295679,21.7053,-13.3452,0.000105714,0.157209,-18.9613,0.000124898,24.0004,-16.6387,0.00041855,17.9989,30.1143,-0.162955,0.407423,12.9876,49.8214,-13.6066,0.182555,16.4232,48.0473,-11.1723,0.166769,13.722,0.544425,9.29491
0,0.01,0,905.943,20.9384,-12.039,0.00295679,21.7053,-13.3452,0.000105714,0.157209,-18.9613,0.000124898,24.0004,-16.6387,0.00041855,17.9989,30.1143,-0.162955,0.407423,12.9876,49.8214,-13.6066,0.182555,16.4232,48.0473,-11.1723,0.166769,13.722,0.544425,9.29491
0,0.01,1,907.407,20.9384,-12.039,0.00295679,21.7053,-13.3452,0.000105714,0.157209,-18.9613,0.000124898,24.0004,-16.6387,0.00041855,17.9989,30.1143,-0.162955,0.407423,12.9876,49.8214,-13.6066,0.182555,16.4232,48.0473,-11.1723,0.166769,13.722,0.544425,9.29491
0,0.01,0,907.407,20.9384,-12.039,0.00295679,21.7053,-13.3452,0.000105714,0.157209,-18.9613,0.000124898,24.0004,-16.6387,0.00041855,17.9989,30.1143,-0.162955,0.407423,12.9876,49.8214,-13.6066,0.182555,16.4232,48.0473,-11.1723,0.166769,13.722,0.544425,9.29491
0,0.01,1,908.683,20.9384,-12.039,0.00295679,21.7053,-13.3452,0.000105714,0.157209,-18.9613,0.000124898,24.0004,-16.6387,0.00041855,17.9989,30.1143,-0.162955,0.407423,12.9876,49.8214,-13.6066,0.182555,16.4232,48.0473,-11.1723,0.166769,13.722,0.544425,9.29491
0,0.01,0,907.407,20.9384,-12.039,0.00295679,21.7053,-13.3452,0.000105714,0.157209,-18.9613,0.000124898,24.0004,-16.6387,0.00041855,17.9989,30.1143,-0.162955,0.407423,12.9876,49.8214,-13.6066,0.182555,16.4232,48.0473,-11.1723,0.166769,13.722,0.544425,9.29491
0,0.01,1,906.463,20.9384,-12.039,0.00295679,21.7053,-13.3452,0.000105714,0.157209,-18.9613,0.000124898,24.0004,-16.6387,0.00041855,17.9989,30.1143,-0.162955,0.407423,12.9876,49.8214,-13.6066,0.182555,16.4232,48.0473,-11.1723,0.166769,13.722,0.544425,9.29491
0,0.01,0,908.992,20.9384,-12.039,0.00295679,21.7053,-13.3452,0.000105714,0.157209,-18.9613,0.000124898,24.0004,-16.6387,0.00041855,17.9989,30.1143,-0.162955,0.407423,12.9876,49.8214,-13.6066,0.182555,16.4232,48.0473,-11.1723,0.166769,13.722,0.544425,9.29491
0,0.01,1,905.974,20.9384,-12.039,0.00295679,21.7053,-13.3452,0.000105714,0.157209,-18.9613,0.000124898,24.0004,-16.6387,0.00041855,17.9989,30.1143,-0.162955,0.407423,12.9876,49.8214,-13.6066,0.182555,16.4232,48.0473,-11.1723,0.166769,13.722,0.544425,9.29491
0,0.01,0,908.992,20.9384,-12.039,0.00295679,21.7053,-13.3452,0.000105714,0.157209,-18.9613,0.000124898,24.0004,-16.6387,0.00041855,17.9989,30.1143,-0.162955,0.407423,12.9876,49.8214,-13.6066,0.182555,16.4232,48.0473,-11.1723,0.166769,13.722,0.544425,9.29491
0,0.01,2,907.407,20.9384,-12.039,0.00295679,21.7053,-13.3452,0.000105714,0.157209,-18.9613,0.000124898,24.0004,-16.6387,0.00041855,17.9989,30.1143,-0.162955,0.407423,12.9876,49.8214,-13.6066,0.182555,16.4232,48.0473,-11.1723,0.166769,13.722,0.544425,9.29491
0,0.01,0,905.974,20.9384,-12.039,0.00295679,21.7053,-13.3452,0.000105714,0.157209,-18.9613,0.000124898,24.0004,-16.6387,0.00041855,17.9989,30.1143,-0.162955,0.407423,12.9876,49.8214,-13.6066,0.182555,16.4232,48.0473,-11.1723,0.166769,13.722,0.544425,9.29491
1,5.63682e-06,308,909.496,20.8937,-12.0486,0.00201027,21.6445,-13.3461,0.000228528,0.207979,-18.9671,0.000688282,23.9881,-16.6446,0.000195419,17.9897,30.1165,-0.151485,0.406892,13.0058,49.8116,-13.6117,0.182468,16.4616,48.0383,-11.207,0.165744,13.7266,0.536961,9.28909
1,9.25686e-05,735,909.65,20.8927,-12.0432,0.002525,21.652,-13.3717,0.000433806,0.132504,-18.9502,0.000126146,24.0586,-16.6335,0.000379106,17.9642,30.109,-0.179515,0.408757,13.0142,49.8581,-13.608,0.181689,16.4422,48.0257,-11.1933,0.165681,13.7186,0.537197,9.30191
1,8.72388e-05,29,907.349,20.8626,-12.0283,0.00149658,21.7054,-13.371,0.000238636,0.0930522,-18.9873,0.00065087,23.9607,-16.6412,9.38659e-06,17.9722,30.1036,-0.143441,0.407447,12.9562,49.8464,-13.5986,0.18245,16.4449,48.0251,-11.1968,0.16718,13.7114,0.544236,9.29525
1,0.0379004,353,909.109,20.9439,-11.9935,0.00219115,21.7665,-13.3657,0.000292368,0.232444,-18.9678,0.000561593,23.9818,-16.6366,0.000649431,18.0008,30.0645,-0.17327,0.407012,13.0077,49.8505,-13.6125,0.182751,16.4383,47.9854,-11.197,0.166047,13.6852,0.531416,9.30289
1,0.000227869,292,909.407,20.8432,-12.0792,0.00200727,21.6947,-13.3619,0.000234877,0.142431,-18.9605,6.36702e-05,24.0493,-16.6273,0.000213359,18.0279,30.1368,-0.185916,0.4073,12.9419,49.8123,-13.6168,0.181588,16.4577,48.0549,-11.1692,0.167289,13.7128,0.545103,9.30168
1,0.000558776,202,909.308,20.8686,-12.0521,0.00313012,21.694,-13.3458,2.43696e-05,0.203905,-19.0255,0.000112183,24.0001,-16.6403,0.00163688,17.9622,30.1307,-0.154701,0.408203,13.0155,49.7934,-13.6129,0.182155,16.4488,48.0451,-11.1722,0.167301,13.7166,0.547057,9.28351
1,3.54117e-05,104,908.586,20.9233,-12.0453,0.00200573,21.686,-13.3467,7.77089e-05,0.192888,-18.9811,0.000593922,23.9329,-16.6262,0.000203598,17.9837,30.0879,-0.135205,0.407618,13.0142,49.8424,-13.5971,0.182008,16.4597,47.9986,-11.1731,0.166103,13.7252,0.546284,9.28474
1,0.000245178,340,908.377,20.9744,-12.042,0.00135151,21.6754,-13.3669,7.50487e-05,0.149328,-18.9449,0.000876626,24.0398,-16.6485,0.000350378,18.0072,30.1254,-0.111764,0.407695,13.0028,49.7941,-13.5957,0.182125,16.3802,48.0875,-11.1856,0.167087,13.7027,0.545774,9.28805
1,0.000376494,577,907.804,20.966,-12.0074,0.00169035,21.6997,-13.3507,3.1281e-05,0.138777,-18.9301,0.000745044,23.961,-16.6363,0.00117869,17.9925,30.1348,-0.159814,0.409258,13.0193,49.8163,-13.5959,0.182752,16.3718,48.0723,-11.1694,0.165962,13.6995,0.559985,9.29432
1,0.011593,470,908.905,20.9606,-12.0536,0.00317504,21.6857,-13.3563,0.000227166,0.193202,-18.9761,0.000640891,23.9582,-16.6609,2.41811e-05,17.9909,30.1264,-0.212392,0.407902,12.9618,49.808,-13.5849,0.184571,16.3868,48.0281,-11.2219,0.165338,13.7282,0.541963,9.29975
1,3.35472e-06,1123,905.222,20.9459,-12.0381,0.00262339,21.767,-13.3622,8.64412e-05,0.149596,-18.9559,0.000104945,23.9922,-16.6316,0.000348213,18.0321,30.0659,-0.160849,0.407705,12.9823,49.8194,-13.6023,0.181397,16.3828,48.0431,-11.1809,0.165623,13.7174,0.547653,9.29117
1,0.000185584,97,909.336,20.9334,-12.0449,0.000828954,21.7815,-13.3509,5.689e-05,0.146985,-18.9534,0.000283227,24.043,-16.6406,0.000322286,17.9635,30.1023,-0.159025,0.407652,13.0198,49.8019,-13.6156,0.183545,16.3653,48.0244,-11.1674,0.167739,13.7464,0.547466,9.28621
1,0.000173754,206,909.429,20.9152,-12.0391,0.00514284,21.7283,-13.3454,7.09484e-05,0.219803,-18.9517,0.000176316,24.0027,-16.6578,0.000975718,18.0164,30.1087,-0.15837,0.409364,12.995,49.8499,-13.6075,0.18274,16.4732,48.0548,-11.1496,0.167269,13.6925,0.544227,9.3009
1,0.000173403,223,909.506,20.9761,-12.0458,0.00296439,21.7889,-13.3044,4.99677e-05,0.171534,-18.9518,0.000931771,24.0007,-16.6385,0.00039868,18.0081,30.1051,-0.158488,0.40747,12.9167,49.8276,-13.6106,0.182635,16.4591,48.0309,-11.1517,0.166552,13.7083,0.543161,9.31016
1,0.000277998,63,909.961,20.9615,-12.0808,0.00298232,21.7149,-13.3499,0.000122291,0.230173,-18.9554,0.000746126,24.0263,-16.6503,0.000136024,17.9891,30.0836,-0.179499,0.408692,13.0203,49.8243,-13.6035,0.181582,16.4281,48.0377,-11.1893,0.168558,13.7421,0.556207,9.29712
1,6.585e-06,152,908.964,20.91,-12.0389,0.0026613,21.7014,-13.3574,3.49295e-05,0.157106,-18.9588,0.000392209,23.9474,-16.6001,0.000850561,17.9694,30.1536,-0.165415,0.408435,12.9828,49.8173,-13.6196,0.183009,16.4434,48.0451,-11.1757,0.167238,13.715,0.528234,9.29412
1,1.47756e-05,109,907.873,20.88,-12.0236,0.00290731,21.6622,-13.3403,4.47896e-05,0.173369,-18.9781,0.000445339,23.996,-16.645,0.00102989,18.0168,30.1258,-0.16145,0.40757,12.9779,49.8412,-13.6022,0.181304,16.3994,48.052,-11.185,0.164437,13.7374,0.542982,9.30057
1,2.75909e-05,400,906.493,20.9908,-12.0151,0.00390114,21.6752,-13.3544,3.50737e-05,0.150433,-18.942,0.000411703,24.009,-16.6473,0.000517656,17.9769,30.1098,-0.15063,0.408109,12.9966,49.7781,-13.6035,0.183305,16.4515,48.0144,-11.1891,0.167979,13.7256,0.532066,9.28874
1,1.19068e-06,401,909.186,20.8983,-12.0752,0.00323421,21.654,-13.3521,6.88024e-05,0.146287,-18.9772,0.000227804,23.9722,-16.6347,0.000454766,18.0164,30.1439,-0.158613,0.406815,13.0079,49.8166,-13.6149,0.182644,16.4489,48.0503,-11.1848,0.16689,13.7248,0.547702,9.30289
1,0.00109919,221,908.744,20.9241,-12.0405,0.000863213,21.6868,-13.3706,0.000406184,0.130977,-18.9681,0.000254573,23.9959,-16.619,0.000604237,17.9857,30.1033,-0.168672,0.407665,12.9817,49.8231,-13.6001,0.181393,16.4778,48.06,-11.2302,0.16769,13.7056,0.532523,9.30269
1,9.59996e-05,605,909.887,20.9641,-12.037,0.00375778,21.8234,-13.36,0.000118441,0.127834,-18.9848,0.000183377,24.0136,-16.6292,0.00147725,18.0034,30.1079,-0.156881,0.406527,13.0066,49.7981,-13.5905,0.182732,16.3935,48.013,-11.1786,0.166736,13.7371,0.538683,9.288
1,0.000108129,724,908.219,20.9272,-12.0395,0.00306349,21.6781,-13.3698,0.000264357,0.172036,-18.9628,0.000100784,23.9883,-16.6168,0.000163878,17.9456,30.0741,-0.147252,0.408368,12.9802,49.8559,-13.6098,0.183869,16.4549,48.0699,-11.1791,0.167157,13.7507,0.55769,9.28694
1,0.00562925,335,909.159,20.913,-12.0201,0.00259976,21.6767,-13.3718,4.05549e-05,0.256186,-18.9559,0.000685831,24.0246,-16.6205,0.000404986,17.9926,30.1207,-0.141152,0.405472,12.9995,49.8366,-13.6121,0.182513,16.39,47.9897,-11.1896,0.166111,13.7392,0.533749,9.3078
1,2.80535e-06,245,909.992,20.9707,-12.0425,0.00259482,21.6981,-13.352,5.18267e-05,0.14626,-18.9503,8.05353e-05,23.9483,-16.6565,0.0012903,18.0395,30.1329,-0.17701,0.408041,13.0159,49.8315,-13.6067,0.181467,16.4427,48.0267,-11.1555,0.166456,13.742,0.550082,9.28762
1,0.0163836,368,909.292,20.9471,-12.0436,0.0011252,21.6723,-13.3557,7.19095e-05,0.120176,-18.938,0.000478131,23.9627,-16.6594,0.000137882,18.0055,30.1082,-0.214161,0.408558,12.9868,49.8498,-13.6096,0.183633,16.4033,48.0108,-11.1917,0.167364,13.7874,0.546278,9.29785
1,5.73724e-05,130,908.197,20.9307,-12.0354,0.00346608,21.6833,-13.3682,8.42157e-05,0.11033,-18.9723,0.000947675,24.0062,-16.6489,0.000423428,17.9405,30.0892,-0.139037,0.408101,13.0156,49.8151,-13.6078,0.182414,16.4045,48.0137,-11.1909,0.167208,13.6925,0.551629,9.27979
1,4.44645e-05,103,909.67,20.9413,-12.0167,0.00378221,21.699,-13.3636,7.72942e-05,0.116396,-18.9493,0.000259443,24.048,-16.6225,0.000392308,17.9758,30.0871,-0.141557,0.407273,13.0185,49.8544,-13.6127,0.182073,16.4124,48.0159,-11.1528,0.166385,13.7407,0.550618,9.27699
1,3.08011e-05,7,907.451,20.8626,-12.0326,0.0044477,21.7465,-13.3915,6.67848e-05,0.137724,-18.97,0.000370251,24.0132,-16.637,0.000578617,17.9953,30.0887,-0.149444,0.407879,12.9909,49.826,-13.598,0.182151,16.4511,48.0845,-11.1758,0.166886,13.707,0.542815,9.29543
1,1.02906e-06,392,909.704,20.9601,-12.0441,0.00301048,21.7129,-13.3515,7.52017e-05,0.113689,-18.9813,0.000851085,24.0325,-16.6568,0.000648528,18.0182,30.1124,-0.147806,0.406905,12.9463,49.7967,-13.5998,0.181975,16.4063,48.0379,-11.1878,0.167366,13.7124,0.538588,9.30174
1,0.000159337,710,909.322,20.9258,-12.042,0.00353668,21.7799,-13.3713,0.00039987,0.148158,-18.9762,0.000330615,24.0327,-16.6294,0.000261825,18.0386,30.1169,-0.173301,0.407512,12.9747,49.8339,-13.608,0.182451,16.4156,48.0093,-11.2055,0.1686,13.7012,0.529595,9.29672
1,0.0142379,808,908.826,21.0085,-12.0276,0.00239917,21.6473,-13.3631,0.000147063,0.206728,-18.9451,8.75089e-05,23.9232,-16.607,0.000801818,18.0164,30.1145,-0.163784,0.408736,12.9595,49.8369,-13.6031,0.183021,16.387,48.0305,-11.1981,0.165443,13.7055,0.563269,9.3091
1,1.05541e-05,380,907.655,20.9311,-12.0542,0.00331594,21.7177,-13.3684,6.54008e-05,0.16182,-18.9728,3.77749e-05,23.985,-16.6581,0.000411017,17.9653,30.1125,-0.123608,0.407814,12.9875,49.8054,-13.6144,0.182569,16.4556,48.0991,-11.1783,0.16745,13.7336,0.54687,9.28681
1,5.65622e-05,425,906.229,20.936,-12.0425,0.00341043,21.7742,-13.3436,0.000301258,0.174025,-18.9502,0.000238674,23.9773,-16.6572,0.000503833,18.0109,30.1026,-0.167809,0.408276,13.0479,49.8308,-13.5985,0.182091,16.4668,48.0191,-11.2079,0.167433,13.6911,0.549321,9.29249
1,0.00200449,213,909.115,20.8798,-12.0534,0.00216823,21.6636,-13.3557,0.000176901,0.193826,-18.9416,0.000589499,23.9882,-16.6543,0.00078271,17.9825,30.1275,-0.15559,0.408253,13.0115,49.8607,-13.5874,0.181449,16.3835,48.0169,-11.1953,0.16697,13.725,0.572437,9.29546
1,0.0126941,150,908.894,20.9691,-12.0754,0.00293299,21.6836,-13.3352,4.18655e-06,0.22488,-18.9615,0.000208692,23.9723,-16.6448,0.00105756,18.042,30.1112,-0.155019,0.407866,12.9323,49.866,-13.6032,0.1821,16.4623,48.0961,-11.1743,0.16894,13.7496,0.546876,9.28883
1,1.49076e-05,157,907.926,20.9234,-12.0403,0.0034555,21.6691,-13.3609,6.45503e-05,0.135067,-18.94,0.000239036,23.9955,-16.619,0.00019046,17.9836,30.1325,-0.186946,0.406687,12.9918,49.7952,-13.5941,0.182717,16.4284,48.0772,-11.1623,0.168541,13.7087,0.554102,9.28195
1,9.24526e-05,237,909.804,20.9421,-12.0554,0.00265606,21.6909,-13.3471,0.000128956,0.174349,-18.977,1.01085e-05,23.9418,-16.6469,0.00194549,17.9785,30.1292,-0.114188,0.407134,13.0056,49.8231,-13.6115,0.182706,16.4542,48.0728,-11.1781,0.164921,13.7009,0.543218,9.29691
1,5.28729e-06,250,908.8,20.9445,-12.0201,0.00106162,21.7188,-13.3247,0.000116829,0.18362,-18.939,0.000321612,24.0028,-16.65,0.00120897,17.9788,30.1279,-0.186489,0.408241,12.9981,49.8285,-13.5936,0.181957,16.4059,48.0439,-11.1869,0.165937,13.7264,0.54511,9.30521
1,4.14036e-06,61,906.715,20.9755,-12.0331,0.00371066,21.7311,-13.3594,0.000166583,0.138505,-18.9888,2.94686e-05,23.9817,-16.6073,0.000388943,17.996,30.1323,-0.166382,0.408284,12.9785,49.7934,-13.6042,0.18283,16.4375,48.0969,-11.1638,0.166673,13.7277,0.541515,9.29752
1,0.000109289,248,907.892,20.9403,-12.0447,0.00205064,21.7774,-13.3635,0.000266735,0.175207,-18.9698,0.000456687,24.0255,-16.68,0.000432384,17.9853,30.1077,-0.152642,0.406344,13.0142,49.7773,-13.5992,0.182427,16.4594,48.0166,-11.1579,0.166741,13.7242,0.552201,9.28512
1,5.25299e-05,1146,909.367,21.0174,-12.0732,0.00171881,21.7204,-13.3656,6.83875e-05,0.163124,-18.9606,0.000476161,23.9639,-16.6196,0.000251638,18.014,30.1076,-0.177266,0.408985,12.984,49.7985,-13.6047,0.183214,16.4462,48.0537,-11.1665,0.166564,13.7426,0.532321,9.29803
1,1.89411e-05,351,908.74,20.9161,-12.0626,0.00356366,21.7298,-13.3848,0.000115276,0.199451,-18.9689,0.00121133,23.9816,-16.6427,5.49653e-05,18.0374,30.1243,-0.162413,0.408963,12.9777,49.835,-13.6112,0.182701,16.412,48.0567,-11.1825,0.165776,13.7139,0.542425,9.30681
1,5.84943e-06,56,909.27,20.8786,-12.0359,0.00206449,21.7136,-13.3462,0.000235031,0.137976,-18.9548,6.40832e-06,24.0214,-16.616,0.000755736,18.0035,30.1159,-0.175195,0.406047,13.0203,49.8245,-13.6146,0.182784,16.4455,48.0592,-11.1912,0.167547,13.7306,0.530411,9.30743
1,0.00150283,301,909.883,20.9233,-12.0372,0.00122304,21.7747,-13.3133,0.000133782,0.119197,-18.9704,0.000670101,23.9711,-16.6469,0.000662977,17.9811,30.0866,-0.150056,0.406333,13.0388,49.8052,-13.6076,0.183232,16.3832,48.052,-11.1568,0.167423,13.7124,0.549231,9.31708
1,0.000273441,9,908.95,20.9886,-12.0143,0.00458264,21.7564,-13.3378,3.43222e-05,0.167435,-18.9243,0.000481126,24.0076,-16.6505,0.000469648,17.9675,30.1262,-0.17041,0.406048,12.9729,49.8019,-13.6181,0.181501,16.4599,48.0583,-11.1833,0.167401,13.7009,0.531178,9.29961
1,1.08774e-06,594,906.596,20.9698,-12.0267,0.00327215,21.683,-13.3227,0.000101353,0.139915,-18.9521,0.000328002,23.9253,-16.6248,0.000182281,17.9812,30.1291,-0.154253,0.40748,13.0037,49.837,-13.5949,0.18261,16.4386,48.0514,-11.1917,0.167411,13.6988,0.545337,9.28975
1,4.86021e-05,129,907.464,20.9632,-12.0169,0.00325035,21.6573,-13.3156,0.000155392,0.179832,-18.9767,7.27263e-05,24.0315,-16.6433,9.35037e-05,18.0381,30.112,-0.15547,0.408132,12.9226,49.8136,-13.6133,0.182383,16.4042,48.0697,-11.1785,0.16525,13.7173,0.534588,9.2973
1,1.44211e-05,201,909.498,20.9868,-12.0472,0.00173763,21.7251,-13.3359,0.000286471,0.163286,-18.941,0.000740083,24.0006,-16.6375,8.18902e-06,18.0285,30.1361,-0.190027,0.407957,13.0021,49.789,-13.6014,0.181674,16.454,48.0851,-11.1869,0.166871,13.7229,0.533688,9.2979
1,0.00291731,152,906.625,20.9418,-12.0545,0.00286928,21.8059,-13.3555,4.25911e-06,0.201576,-18.9685,0.000543077,23.9844,-16.6484,0.000726549,17.8925,30.1187,-0.193153,0.40726,12.9945,49.8114,-13.6097,0.183545,16.4337,48.0458,-11.1837,0.166108,13.713,0.534093,9.29427
1,0.000139458,253,908.185,20.9034,-12.0286,0.00137964,21.7412,-13.3472,1.83148e-07,0.198129,-18.9107,0.000244415,24.0681,-16.6371,0.00046993,17.9867,30.1054,-0.175014,0.40777,12.9974,49.808,-13.597,0.1831,16.4242,48.02,-11.1683,0.167191,13.7267,0.537216,9.27687
1,0.000494923,830,909.898,20.9232,-12.033,0.00297423,21.6947,-13.3455,0.000136744,0.173255,-18.9655,0.000732834,24.0348,-16.591,6.99323e-05,17.9364,30.1442,-0.148807,0.408998,12.9964,49.8021,-13.6039,0.182642,16.4277,48.0158,-11.1693,0.167678,13.6924,0.555705,9.30654
1,0.0158863,72,907.207,21.0138,-12.0326,0.00288922,21.7586,-13.3652,0.000160626,0.121911,-18.9471,0.000248637,23.9815,-16.6288,0.000739361,18.0116,30.1148,-0.160136,0.407288,12.9377,49.8995,-13.611,0.181792,16.4583,48.0298,-11.1822,0.167594,13.7281,0.56858,9.28746
1,4.23545e-06,174,909.975,20.8927,-12.0378,0.00327925,21.691,-13.3731,2.76859e-05,0.151826,-18.9497,0.000189134,24.01,-16.6469,0.00126435,17.9964,30.0899,-0.163429,0.407404,13.0151,49.7988,-13.6139,0.1835,16.3741,48.0744,-11.1621,0.165971,13.7328,0.538212,9.28698
1,5.82609e-05,295,909.468,20.9795,-12.0192,0.00271293,21.6595,-13.3347,7.92838e-05,0.211587,-18.9641,0.000131177,23.9531,-16.6389,0.00098477,18.021,30.1191,-0.19529,0.407273,12.9755,49.7925,-13.6018,0.181805,16.391,48.076,-11.178,0.167514,13.7615,0.533262,9.29244
1,0.00102949,3,909.463,20.8781,-12.0184,0.00169756,21.804,-13.3437,0.000109383,0.17945,-18.9758,0.000581226,24.0471,-16.5998,0.000570169,18.0322,30.0955,-0.169852,0.406722,13.0005,49.8375,-13.5924,0.182988,16.471,48.0588,-11.1519,0.166206,13.7131,0.546503,9.30055
1,0.000737574,231,908.074,20.9237,-12.0201,0.00405611,21.6648,-13.3472,0.000187772,0.120471,-18.9657,0.000616633,23.9854,-16.6395,0.000156766,18.0016,30.1176,-0.175546,0.408783,13.0043,49.8724,-13.5953,0.181151,16.4362,47.9833,-11.1986,0.166372,13.7278,0.541994,9.2817
1,1.19974e-05,48,908.473,20.9771,-12.0514,0.00244748,21.7902,-13.3499,2.98153e-05,0.192842,-18.9686,0.000343957,24.0005,-16.6491,0.000407689,18.0563,30.118,-0.166728,0.407806,12.9676,49.8363,-13.6121,0.182005,16.4248,48.0598,-11.1469,0.166057,13.7486,0.548872,9.28867
1,0.000871246,358,908.99,20.942,-12.0282,0.00225036,21.7475,-13.3428,9.52489e-05,0.165032,-18.9494,0.000841367,24.0691,-16.6408,0.00119841,17.9629,30.0933,-0.154055,0.407391,12.9884,49.8247,-13.5995,0.181822,16.4332,48.1135,-11.2212,0.165439,13.7106,0.54815,9.29931
1,2.53152e-05,492,908.089,20.9666,-12.0408,0.00219417,21.671,-13.3177,0.000235615,0.199379,-18.9448,0.000201723,23.9762,-16.6397,9.51966e-05,17.9952,30.1219,-0.144601,0.405848,12.9756,49.7935,-13.6114,0.182588,16.4451,48.0076,-11.1749,0.166103,13.7314,0.553575,9.27991
1,1.62819e-05,1421,908.957,20.9661,-12.0255,0.00426665,21.6514,-13.3637,0.000185322,0.172742,-18.9548,0.000780779,23.9335,-16.6118,9.78821e-05,18.0212,30.1251,-0.144311,0.407871,13.0159,49.8088,-13.6082,0.182303,16.4079,48.0727,-11.1836,0.167204,13.7187,0.539435,9.30725
1,0.0699849,1774,907.003,20.9284,-12.0415,0.00409066,21.6897,-13.3641,0.000147937,0.177957,-18.9757,7.31608e-05,24.0219,-16.6575,7.06904e-05,18.0198,30.116,-0.171467,0.407583,12.996,49.8014,-13.5917,0.18014,16.3153,48.0215,-11.1947,0.165517,13.7251,0.552557,9.27863
1,0.00078627,10,908.215,20.9501,-12.0457,0.00096133,21.6668,-13.3385,7.11123e-05,0.218475,-18.9844,0.000744469,23.9693,-16.6371,0.000329816,17.9993,30.1562,-0.13898,0.406142,12.9743,49.8403,-13.5954,0.182355,16.4766,48.0562,-11.191,0.166852,13.6975,0.549179,9.31056
1,2.10594e-06,131,909.375,20.9185,-12.0366,0.00272098,21.6464,-13.3538,6.94594e-05,0.19712,-18.9524,3.49843e-05,23.9758,-16.6241,0.000454111,18.0163,30.0852,-0.162331,0.406885,12.9637,49.8415,-13.614,0.182679,16.3957,48.0274,-11.1693,0.165592,13.7352,0.54804,9.28287
1,0.282113,119,909.348,20.8891,-12.0756,0.00285121,21.7163,-13.3561,0.000266118,0.13694,-18.9861,0.000171011,24.0123,-16.6014,2.10162e-05,17.9941,30.0475,-0.133755,0.406317,13.0109,49.887,-13.5975,0.182914,16.4768,48.0612,-11.1396,0.166391,13.7257,0.552988,9.28838
1,0.448738,94,909.373,20.9426,-12.0394,0.00323544,21.7502,-13.3703,0.000222925,0.138863,-19.0066,0.000468215,23.9908,-16.6785,0.000371802,18.0052,30.1222,-0.165426,0.405503,12.9765,49.7566,-13.6099,0.182797,16.3475,48.0656,-11.2147,0.16726,13.7493,0.548115,9.2867
1,0.00981609,49,908.145,20.964,-12.0539,0.000941526,21.7626,-13.3832,0.000119075,0.133172,-18.9652,0.000192925,24.0643,-16.6265,0.000624129,17.9875,30.1272,-0.178205,0.406174,12.9928,49.8818,-13.609,0.183137,16.4168,48.018,-11.1839,0.165205,13.7529,0.53731,9.29296
1,0.00159559,195,909.12,21.0081,-12.0618,0.0023623,21.7171,-13.3444,1.20838e-05,0.0899877,-18.9719,6.73469e-05,24.0344,-16.6678,0.000780732,17.9982,30.1632,-0.15438,0.40676,12.9919,49.8468,-13.6161,0.182907,16.4445,48.076,-11.1387,0.167396,13.7103,0.535281,9.27602
1,4.40527e-05,45,909.925,20.9749,-12.0276,0.00245541,21.6634,-13.3905,0.000201382,0.192202,-18.9832,0.000255929,24.0125,-16.6454,0.000632541,17.9742,30.1192,-0.166596,0.406547,12.9859,49.8147,-13.6089,0.18204,16.4077,48.0305,-11.1854,0.167679,13.6794,0.556696,9.28705
1,2.50763e-05,402,908.254,20.9552,-12.0485,0.0041534,21.7365,-13.3558,2.45414e-05,0.173293,-18.9835,0.00037762,24.0057,-16.6329,0.00157747,18.0336,30.1233,-0.176134,0.408132,12.9752,49.8081,-13.6051,0.182091,16.4733,48.0745,-11.1648,0.16503,13.6985,0.544175,9.30281
1,0.000589939,105,907.688,20.9653,-12.0148,0.0017119,21.706,-13.3494,0.000122313,0.162514,-18.9605,0.000768026,23.9313,-16.6279,0.000379043,18.0363,30.0947,-0.178071,0.408579,12.9683,49.824,-13.6106,0.18194,16.4907,48.0196,-11.1935,0.166407,13.6894,0.528217,9.29667
1,1.12629e-05,112,905.65,20.9193,-12.003,0.00208002,21.668,-13.3375,4.83562e-05,0.171088,-18.9657,0.000479178,24.0279,-16.6503,9.93308e-05,17.9486,30.1211,-0.170311,0.405739,12.9773,49.8176,-13.6027,0.182067,16.4178,48.0416,-11.1897,0.166744,13.717,0.559785,9.29407
1,0.00127202,179,909.952,20.9139,-12.0178,0.0038797,21.7319,-13.3693,0.00022821,0.147155,-18.9163,0.000132928,23.9682,-16.6539,0.000644916,18.0026,30.0925,-0.142316,0.407413,13.0698,49.8616,-13.5925,0.182227,16.4211,48.0274,-11.1549,0.167342,13.7003,0.548812,9.29139
1,0.000193557,207,906.277,20.9095,-12.0305,0.00358245,21.6773,-13.347,7.87856e-05,0.12247,-18.9148,0.000175839,23.995,-16.6407,0.000654027,17.9594,30.1567,-0.176635,0.408482,12.975,49.8014,-13.6028,0.182069,16.3719,48.0566,-11.1782,0.166845,13.7089,0.562639,9.29076
1,0.000111661,143,908.991,20.9004,-12.0312,0.00194205,21.7092,-13.373,0.000161113,0.138135,-18.968,0.000341374,23.9416,-16.6628,0.000511442,17.9589,30.1344,-0.183961,0.408656,12.9674,49.8135,-13.5915,0.183386,16.4047,48.09,-11.1696,0.16791,13.7119,0.552227,9.29079
1,0.000201636,917,909.397,20.8985,-12.0741,0.00192731,21.7389,-13.3669,3.06954e-06,0.199624,-18.9611,0.000447937,23.9739,-16.6162,0.000412283,17.9576,30.1025,-0.170891,0.408688,13.0527,49.7936,-13.5953,0.181867,16.4275,48.0221,-11.175,0.166316,13.73,0.544246,9.29519
1,0.0198325,68,909.091,20.8499,-12.0592,0.00451095,21.6849,-13.3565,3.9971e-05,0.0705512,-18.9308,0.00135249,23.9836,-16.6277,1.94913e-05,18.0322,30.1081,-0.157452,0.408882,12.9801,49.8652,-13.596,0.182245,16.4618,48.0403,-11.1757,0.168068,13.7071,0.557501,9.29818
1,7.01476e-07,297,909.161,20.9069,-12.0473,0.00253502,21.6619,-13.3623,0.000193311,0.157301,-18.9668,0.000168831,24.0389,-16.6229,0.000485995,17.9874,30.1102,-0.192789,0.406031,12.9834,49.8272,-13.608,0.182185,16.3947,48.0498,-11.1737,0.166524,13.7116,0.550494,9.29233
1,0.00091439,27,908.56,20.9069,-12.0126,0.00162322,21.6309,-13.338,6.18554e-06,0.15595,-18.9582,0.000262722,24.0474,-16.6031,0.00147083,18.0076,30.1158,-0.169658,0.408166,12.9589,49.8611,-13.5991,0.182483,16.3826,48.027,-11.1846,0.166533,13.7397,0.564261,9.29907
1,1.50492e-05,122,906.344,20.9433,-12.0658,0.00193965,21.7197,-13.354,6.20314e-05,0.162131,-18.983,0.000118453,24.014,-16.6488,5.80258e-05,17.9913,30.1179,-0.142833,0.408192,12.9652,49.8302,-13.614,0.183164,16.3978,48.0334,-11.1932,0.165484,13.7089,0.530955,9.27743
1,6.7279e-05,78,909.754,20.9312,-12.0404,0.00416237,21.685,-13.3231,7.43517e-05,0.126104,-18.9544,0.000531018,24.0271,-16.6433,0.00148056,17.9616,30.1307,-0.163915,0.407886,13.0434,49.8033,-13.5946,0.181537,16.4728,48.011,-11.1806,0.166969,13.7327,0.550371,9.3064
1,1.89463e-05,415,909.064,20.9578,-12.0119,0.0029537,21.6991,-13.3526,0.00014984,0.117816,-18.9955,0.000480019,24.0378,-16.6469,0.00114756,17.9818,30.0959,-0.182845,0.405924,13.0304,49.8191,-13.5871,0.18275,16.4343,48.0346,-11.1727,0.167099,13.7126,0.556764,9.29724
1,5.99122e-06,930,906.004,20.9014,-12.0489,0.00396284,21.7524,-13.3528,1.17648e-05,0.159939,-18.9645,3.71353e-05,24.0168,-16.6588,0.000146353,18.0157,30.1643,-0.145802,0.408305,12.9819,49.8149,-13.6066,0.18229,16.4135,48.0183,-11.1682,0.165534,13.7429,0.543082,9.29905
1,4.71337e-05,37,909.04,20.8737,-12.0491,0.00378421,21.6831,-13.3489,0.000118901,0.129321,-18.986,0.000453394,24.064,-16.6585,0.000550825,18.0369,30.1122,-0.150219,0.40771,13.0033,49.7936,-13.6075,0.181597,16.4022,48.0264,-11.1616,0.167383,13.7206,0.538634,9.31221
1,1.3692e-05,88,908.506,20.9513,-12.0361,0.00344977,21.7392,-13.3425,0.000255921,0.175461,-18.9511,1.51762e-06,24.0362,-16.6426,0.000267797,18.0172,30.1053,-0.12496,0.407981,12.9644,49.7823,-13.5993,0.182947,16.4072,48.0568,-11.1881,0.16526,13.7498,0.537543,9.28448
1,1.18053e-05,135,909.494,20.9634,-12.0518,0.00339123,21.6879,-13.3815,0.00024664,0.166368,-18.9351,0.000164438,23.9832,-16.625,5.19997e-05,17.984,30.1018,-0.154719,0.407822,12.9946,49.8147,-13.5952,0.183929,16.4348,48.0733,-11.1763,0.166058,13.6738,0.543287,9.29081
1,0.00027324,318,909.331,20.9499,-12.046,0.0039,21.7331,-13.2893,1.45047e-05,0.119551,-18.9659,0.000721525,24.0173,-16.653,0.00079094,18.0345,30.1314,-0.157394,0.406591,12.9806,49.8284,-13.6071,0.181539,16.3933,47.9863,-11.167,0.166845,13.7241,0.550003,9.29522
1,0.00076445,99,908.562,21.0223,-12.0367,0.00297329,21.7272,-13.3394,8.28062e-05,0.100117,-18.9359,0.000611397,23.9462,-16.6354,0.000389194,18.0363,30.0843,-0.17123,0.407502,13.027,49.7806,-13.6043,0.182621,16.4264,48.0122,-11.1844,0.166923,13.6866,0.560081,9.29602
1,0.0193678,167,905.196,20.9587,-12.0436,0.0014628,21.7073,-13.3423,7.98842e-06,0.209937,-18.9862,0.000383128,23.9811,-16.6552,0.000122606,17.9528,30.1428,-0.157338,0.409112,12.9891,49.8561,-13.618,0.181886,16.4721,48.0358,-11.1855,0.166572,13.6558,0.562026,9.30228
1,0.000737487,1398,906.941,20.7996,-12.043,0.00274467,21.6996,-13.346,0.000139666,0.104826,-18.9569,0.000234732,24.0206,-16.6563,0.000394999,17.9634,30.0649,-0.170608,0.407532,12.9633,49.832,-13.6027,0.18163,16.4242,48.0414,-11.1644,0.165812,13.7156,0.548195,9.28413
1,3.69349e-06,66,909.463,20.8916,-12.044,0.00304333,21.7179,-13.349,0.000108973,0.165206,-18.9832,0.000169222,24.05,-16.6098,0.00089406,18.0317,30.0818,-0.178476,0.408317,12.9999,49.8143,-13.6129,0.18206,16.4343,48.0728,-11.1622,0.16728,13.7401,0.546925,9.28944
1,0.000161127,552,907.352,20.9557,-12.0393,0.00208549,21.6726,-13.3551,4.40678e-05,0.22622,-18.9468,0.000230988,24.0567,-16.6648,0.000482839,17.9718,30.0911,-0.146191,0.407754,13.036,49.8227,-13.5968,0.18175,16.4232,48.0581,-11.2123,0.16599,13.746,0.548519,9.30326
1,1.14021e-06,398,908.288,20.9592,-12.0587,0.00215734,21.7132,-13.3504,4.14532e-05,0.123921,-18.9833,0.000146288,24.0542,-16.6559,0.000169654,18.0129,30.1373,-0.154201,0.407206,12.9899,49.8356,-13.6008,0.182279,16.3911,48.0611,-11.1533,0.167519,13.7074,0.544074,9.28869
1,1.72155e-05,311,908.198,20.9587,-12.0417,0.00121546,21.7069,-13.3269,4.0968e-05,0.17567,-18.9797,0.000236599,23.9942,-16.652,0.000518917,18.0164,30.1266,-0.173387,0.409069,12.9368,49.796,-13.6135,0.183274,16.4267,48.05,-11.1692,0.16619,13.7473,0.538506,9.30528
1,0.00208134,661,908.213,20.9101,-12.0375,0.00119868,21.7414,-13.3733,0.000172238,0.17906,-18.9671,0.000150235,23.9635,-16.6018,0.000903932,17.9721,30.1,-0.136771,0.40498,13.0114,49.851,-13.6149,0.182244,16.3848,48.0376,-11.1746,0.167117,13.7042,0.548239,9.30325
1,0.00219454,164,901.177,20.9081,-12.0205,0.000931941,21.6762,-13.3702,1.86273e-05,0.176393,-18.9755,7.49977e-05,23.9885,-16.6235,0.000486975,18.025,30.0848,-0.172927,0.407114,13.0236,49.8329,-13.5944,0.183457,16.4447,48.0564,-11.214,0.166981,13.6794,0.564302,9.28767
1,0.000373759,639,905.457,20.9926,-12.0305,0.00179024,21.7571,-13.3244,5.90429e-05,0.126594,-18.9718,0.000179075,24.057,-16.6586,0.000446137,17.9734,30.1452,-0.18139,0.406477,13.0284,49.8249,-13.6087,0.182119,16.4672,48.0213,-11.1977,0.165527,13.7138,0.539696,9.28927
1,0.00570467,115,908.311,20.9301,-12.0312,0.00491667,21.7361,-13.3556,0.00012768,0.187377,-18.9885,0.000170026,24.0079,-16.6136,0.000391041,18.0324,30.12,-0.142754,0.406967,12.9681,49.7923,-13.6065,0.183049,16.4623,48.0416,-11.1451,0.164425,13.6873,0.543862,9.27735
1,2.49337e-05,56,908.637,20.8811,-12.0334,0.00304378,21.6636,-13.3472,1.57974e-06,0.16588,-18.9562,0.000404392,24.0421,-16.6147,0.00122961,18.0208,30.071,-0.162579,0.406599,12.9507,49.8125,-13.5978,0.183638,16.4247,48.0783,-11.1822,0.165886,13.6958,0.54515,9.29204
1,0.00093871,4,909.806,20.9049,-12.0339,0.00270793,21.7132,-13.3611,8.05308e-05,0.193808,-18.9185,0.000653792,24.0356,-16.6385,0.000142266,17.9924,30.1215,-0.163533,0.407245,12.9656,49.7947,-13.6129,0.18305,16.4088,48.0677,-11.1474,0.167137,13.6495,0.54403,9.2761
1,0.00200502,791,908.251,20.9545,-12.0176,0.00124355,21.7773,-13.3622,0.000409067,0.0893903,-18.9744,8.224e-05,24.0095,-16.6341,0.000241245,17.9356,30.1335,-0.164685,0.4065,12.9576,49.8286,-13.6158,0.183029,16.3866,48.0472,-11.2106,0.167382,13.7439,0.53707,9.30304
2,0.000139741,398,908.401,20.9012,-12.0192,0.00475991,21.6975,-13.3731,0.000187496,0.204466,-18.9607,0.000471588,23.9186,-16.6394,1.11239e-05,18.0182,30.1151,-0.149005,0.407267,12.9794,49.8289,-13.5907,0.182626,16.4343,48.0427,-11.1751,0.165492,13.7546,0.558576,9.29336
2,0.000463311,321,909.213,20.9409,-12.0314,0.0015325,21.5932,-13.3916,8.35922e-05,0.178331,-18.9683,0.000443281,24.058,-16.6429,0.000278726,17.944,30.0996,-0.192811,0.408484,12.9777,49.8799,-13.6027,0.181023,16.3576,48.0639,-11.1984,0.166656,13.7186,0.53921,9.30052
2,0.00129522,271,907.209,20.9184,-12.0428,0.000612759,21.6782,-13.3952,0.000183853,0.087853,-19.0064,0.000505465,23.9392,-16.6118,0.000795839,17.972,30.0549,-0.155289,0.407511,12.9542,49.8568,-13.61,0.181141,16.4438,47.9722,-11.2171,0.167817,13.7384,0.54654,9.31242
2,6.23297e-08,28,908.181,21.0386,-12.0025,0.00261555,21.7027,-13.3787,0.000331057,0.204887,-18.9509,0.000451529,24.0046,-16.6686,0.000434823,17.9934,30.0501,-0.191063,0.407096,13.0395,49.8562,-13.6065,0.18301,16.4222,47.9906,-11.2219,0.165946,13.6761,0.538716,9.30506
2,0.00169678,352,909.351,20.9315,-12.0659,0.00403644,21.6079,-13.4001,0.00033937,0.190015,-18.9791,5.29791e-05,24.0299,-16.6356,0.000456341,18.0704,30.1686,-0.189697,0.407284,12.8987,49.8309,-13.6166,0.181963,16.4311,48.0522,-11.182,0.167072,13.7068,0.546912,9.29932
2,0.000188931,109,908.657,20.9014,-12.0443,0.001315,21.6577,-13.3312,1.19786e-05,0.245221,-19.0291,0.000228581,24.0735,-16.6408,0.00146425,17.9937,30.1059,-0.154794,0.407039,13.0138,49.766,-13.6001,0.183635,16.4064,47.9963,-11.1766,0.168081,13.725,0.537864,9.28767
2,0.10128,51,909.913,21.0051,-12.0393,0.00211257,21.6155,-13.3444,3.9332e-05,0.206945,-18.9753,2.99635e-06,23.9919,-16.6122,0.00117837,17.99,30.0964,-0.100391,0.408848,12.9583,49.8149,-13.5919,0.180078,16.4495,47.9951,-11.1367,0.164929,13.7137,0.55157,9.29679
2,0.00214221,2,908.528,21.0187,-12.0107,0.0016215,21.6739,-13.352,2.5587e-05,0.257499,-18.9446,0.00128872,24.0132,-16.6546,0.00028877,18.0258,30.1516,-0.137474,0.407525,13.0142,49.7811,-13.5895,0.182278,16.4016,48.1608,-11.2136,0.166675,13.7006,0.558854,9.28912
2,8.57864e-06,177,909.492,21.0206,-12.0239,0.0016134,21.7167,-13.3676,0.000148262,0.121228,-18.936,0.000346519,24.0204,-16.6543,0.000695746,17.9897,30.1346,-0.164109,0.410787,12.9646,49.8104,-13.5988,0.181836,16.3585,48.0716,-11.169,0.167553,13.6819,0.565132,9.28964
2,8.27076e-07,511,907.385,21.0239,-12.0297,0.00304787,21.698,-13.3714,8.75646e-05,0.230469,-18.9676,0.000836498,23.9979,-16.6832,0.000194632,17.9488,30.1313,-0.184455,0.407925,12.941,49.7984,-13.5996,0.182806,16.3884,48.0569,-11.2173,0.165675,13.6985,0.550578,9.29435
2,0.00027324,190,908.829,20.9326,-12.0171,0.00207657,21.7346,-13.3451,0.000116677,0.163949,-18.9674,0.000447166,23.9269,-16.6479,0.000672693,17.918,30.0645,-0.168809,0.408135,13.0082,49.7853,-13.589,0.183469,16.3755,48.0103,-11.1709,0.16614,13.7415,0.549943,9.28283
2,5.40723e-07,70,909.708,20.9636,-12.0385,0.000185371,21.7663,-13.3564,0.000129754,0.134067,-18.9503,6.68203e-05,24.0376,-16.6569,0.000934529,17.9407,30.1018,-0.17022,0.40734,13.0341,49.8108,-13.5822,0.183286,16.3503,48.0343,-11.1847,0.167332,13.7707,0.561351,9.29527
2,5.31941e-05,1116,909.857,20.8526,-12.0516,0.00444258,21.7665,-13.3521,0.000208701,0.184573,-18.9529,8.64573e-05,24.0436,-16.6765,0.000663866,17.9591,30.1207,-0.159777,0.409985,13.0085,49.8072,-13.6158,0.183666,16.4506,48.0344,-11.1749,0.166699,13.6826,0.534732,9.30973
2,4.79703e-06,1869,908.041,21.0224,-12.0355,0.00263375,21.7742,-13.3023,5.80168e-05,0.151767,-18.9618,0.000470577,24.0223,-16.6624,0.000688786,18.002,30.1183,-0.171974,0.409336,12.8924,49.8249,-13.6125,0.181883,16.4941,48.0523,-11.1707,0.165772,13.697,0.542108,9.29861
2,2.9913e-05,637,909.743,20.9756,-12.0871,0.00387475,21.6493,-13.3401,8.61234e-05,0.175015,-18.9731,0.000908328,24.0456,-16.6769,0.000346328,17.9696,30.0732,-0.17415,0.407156,12.9839,49.8388,-13.5996,0.182712,16.387,48.055,-11.21,0.168341,13.7534,0.555565,9.30869
2,0.000828743,82,909.681,20.922,-12.0237,0.00352234,21.6671,-13.3683,0.000218781,0.175063,-18.9509,3.87516e-05,24.0072,-16.5853,0.000677107,17.9304,30.1691,-0.203588,0.408109,12.9561,49.8256,-13.6194,0.181429,16.4729,48.0466,-11.1735,0.168334,13.686,0.530013,9.28696
2,5.01654e-05,939,904.056,20.8572,-12.0085,0.00191953,21.667,-13.3679,1.67953e-05,0.156433,-18.9734,0.000403485,24.0379,-16.6697,0.000469488,17.9933,30.1394,-0.162795,0.406894,12.9939,49.8625,-13.6056,0.181822,16.3845,48.0444,-11.2056,0.1652,13.6864,0.54324,9.29857
2,0.0261354,343,906.027,20.9596,-11.9959,0.00521384,21.6914,-13.3643,5.58333e-06,0.216668,-18.9039,0.000571486,23.9848,-16.6173,0.000333227,17.992,30.1088,-0.113411,0.409367,13.0091,49.7787,-13.591,0.182034,16.5151,47.9816,-11.1916,0.167894,13.7112,0.546535,9.29008
2,2.76665e-05,86,907.819,20.8841,-12.0754,0.00323815,21.6592,-13.3533,0.000123754,0.140598,-18.9834,0.000104509,24.0264,-16.6163,0.000455617,17.9781,30.1264,-0.122057,0.407676,12.9889,49.7846,-13.6015,0.181928,16.4469,48.0013,-11.1604,0.1663,13.7017,0.560651,9.29794
2,5.39762e-06,95,908.513,20.9431,-12.0166,0.00119303,21.6772,-13.3843,0.00020096,0.109662,-18.9702,0.000385849,24.0715,-16.6282,0.000328621,17.9911,30.1023,-0.17651,0.408159,12.9488,49.8442,-13.6026,0.181338,16.4919,48.0455,-11.238,0.170112,13.7462,0.526993,9.30413
2,0.000658578,195,906.268,20.8915,-11.9972,0.0046711,21.7855,-13.3632,1.67427e-05,0.128321,-19.0042,0.000112206,24.0301,-16.6315,0.000513327,18.0189,30.0869,-0.180269,0.404802,12.9664,49.788,-13.6054,0.182274,16.4224,47.9825,-11.1701,0.166398,13.7253,0.553931,9.28958
2,4.72768e-06,352,909.03,20.8956,-12.0416,0.00445221,21.6944,-13.3885,0.000244776,0.17986,-18.9406,0.000909627,23.977,-16.6301,8.50478e-05,17.952,30.0845,-0.115446,0.407878,13.0143,49.8367,-13.5965,0.183136,16.4594,48.0592,-11.178,0.168261,13.7256,0.550973,9.29161
2,3.97421e-06,1161,909.751,20.8785,-12.0051,0.00230974,21.6882,-13.3728,0.000285624,0.214558,-18.9257,0.000431907,24.0428,-16.6311,0.000268676,17.9802,30.1353,-0.107968,0.405413,12.9684,49.8005,-13.6046,0.183731,16.3872,48.0054,-11.1935,0.165319,13.7044,0.529313,9.28471
2,0.0204686,298,909.578,21.0073,-12.0657,0.00331269,21.6957,-13.3467,0.000183693,0.228236,-18.9142,5.52211e-05,23.9439,-16.6537,0.000868263,18.0503,30.1254,-0.210601,0.409009,12.9828,49.8845,-13.6102,0.18285,16.4873,47.9992,-11.152,0.166259,13.7259,0.554913,9.29444
2,1.48126e-07,522,909.693,20.9833,-12.0358,0.000296932,21.6429,-13.3559,6.00696e-05,0.12044,-18.9656,0.000621026,23.9131,-16.6559,0.000740274,17.9811,30.132,-0.199345,0.408001,13.0138,49.8471,-13.6062,0.182709,16.3567,47.9731,-11.1845,0.168415,13.76,0.540614,9.29705
2,2.69337e-05,135,906.254,20.9481,-12.0441,0.0020426,21.6936,-13.3464,0.000169782,0.137764,-18.9691,0.000407431,23.973,-16.6437,0.000151072,17.8917,30.0747,-0.124504,0.407632,13.0525,49.7794,-13.5929,0.182213,16.3936,48.0024,-11.1952,0.167565,13.6695,0.566372,9.28695
2,0.000351961,1443,908.533,20.9431,-12.0496,0.00317932,21.7033,-13.3888,0.000104746,0.197253,-18.9448,0.000263526,24.1073,-16.6165,0.0002918,17.9892,30.1205,-0.130329,0.408297,13.0254,49.8514,-13.604,0.181686,16.4512,47.9992,-11.162,0.165475,13.773,0.546877,9.30005
2,1.02852e-05,6,908.834,20.8841,-12.0263,0.00252267,21.7209,-13.3837,9.07829e-05,0.157017,-18.9502,0.000434755,24.0693,-16.6422,0.00131558,17.9656,30.0939,-0.142692,0.408529,12.9628,49.8293,-13.619,0.182174,16.4899,48.0864,-11.1732,0.165929,13.6956,0.544291,9.30249
2,0.00483772,603,908.636,20.9007,-12.0373,0.00104098,21.6983,-13.3585,6.46242e-05,0.0841611,-18.9908,0.000826615,24.0845,-16.6606,0.000886763,17.9947,30.1233,-0.128487,0.405137,12.9162,49.7852,-13.6059,0.181993,16.418,48.0073,-11.1706,0.167842,13.6965,0.547296,9.29236
2,9.12069e-05,221,909.801,20.8893,-12.0515,0.00462291,21.7789,-13.3564,0.000352581,0.185034,-18.9465,0.000191234,24.0492,-16.6531,0.000584026,18.0347,30.107,-0.200877,0.406358,12.9455,49.8204,-13.5936,0.182509,16.4325,48.0265,-11.2185,0.169261,13.6924,0.554995,9.28977
2,6.54339e-06,170,909.117,20.9895,-12.0185,0.00133871,21.6237,-13.3409,2.93083e-05,0.164615,-18.9133,0.000761762,23.9607,-16.5637,0.00133518,18.032,30.127,-0.142144,0.408554,12.9737,49.8907,-13.6072,0.181987,16.3705,48.0607,-11.2142,0.165864,13.7082,0.576959,9.3108
2,0.0750822,117,909.38,20.9716,-12.0759,0.00283837,21.7508,-13.3314,0.000107261,0.174091,-18.9944,3.78306e-06,23.9272,-16.6125,0.000276792,17.942,30.153,-0.125425,0.407316,12.966,49.7578,-13.6114,0.181201,16.4585,48.0876,-11.152,0.168541,13.6985,0.547601,9.29768
2,0.00143199,0,907.392,20.9324,-12.0482,0.00391354,21.7447,-13.3459,8.5332e-05,0.248267,-18.9453,0.00035566,24.0271,-16.6539,0.000166905,17.9957,30.1106,-0.119067,0.408728,13.0483,49.8237,-13.611,0.183105,16.4517,48.0065,-11.1967,0.166836,13.6226,0.543472,9.28058
2,2.10056e-07,141,908.6,20.8565,-12.0501,0.00303679,21.6414,-13.3781,8.56873e-05,0.175063,-18.9216,0.000246289,23.9729,-16.6473,0.000363898,18.0178,30.1077,-0.158546,0.408724,13.0329,49.8823,-13.5718,0.182458,16.4018,48.0212,-11.2045,0.16718,13.688,0.584947,9.30063
2,2.14973e-05,517,908.458,20.9078,-12.0702,0.00266486,21.6383,-13.3187,3.646e-05,0.271545,-18.9574,0.000109771,23.9241,-16.6316,0.00044248,18.018,30.1424,-0.116859,0.408016,12.9676,49.8909,-13.6051,0.18404,16.4977,48.0599,-11.1598,0.168682,13.7504,0.538514,9.27508
2,0.000858505,436,907.778,20.939,-12.0379,0.00163746,21.681,-13.3473,0.000255163,0.173404,-18.9561,5.09752e-05,24.1007,-16.6005,0.000824851,17.9784,30.1647,-0.188264,0.407325,12.9371,49.7927,-13.613,0.182362,16.4276,48.0583,-11.1891,0.168679,13.7037,0.572816,9.30409
2,1.35675e-05,1831,909.656,20.9589,-12.0159,0.00280338,21.6862,-13.3154,0.000169552,0.198416,-18.9598,0.000212771,23.9599,-16.6389,0.000614674,17.9871,30.1241,-0.117421,0.40555,13.0008,49.8168,-13.598,0.182919,16.4321,48.1025,-11.1756,0.165332,13.7215,0.549966,9.29703
2,3.23438e-05,38,909.902,20.8974,-12.0424,0.00157002,21.7265,-13.3003,0.000286561,0.144598,-18.9343,0.000658743,24.0071,-16.6395,0.000454161,17.965,30.1607,-0.186462,0.408623,12.9817,49.8642,-13.6137,0.181471,16.4361,48.0232,-11.2055,0.166358,13.6909,0.54403,9.29689
2,0.0470853,734,909.962,20.9926,-12.0341,0.0033876,21.7522,-13.3714,3.39001e-05,0.0708813,-18.9674,0.000518631,23.9799,-16.5771,0.000252845,18.0154,30.1369,-0.120746,0.407084,13.0525,49.8151,-13.5982,0.183894,16.4381,48.0845,-11.1626,0.166889,13.7632,0.532654,9.28777
2,0.00107466,472,909.665,20.9421,-12.0556,0.000327846,21.8101,-13.3167,0.000355971,0.254907,-18.9529,0.000213681,24.0201,-16.6923,0.000698118,18.0236,30.1167,-0.188406,0.406146,13.0024,49.8048,-13.5944,0.183183,16.4708,48.0262,-11.1599,0.167622,13.6892,0.558376,9.29223
2,0.000184378,68,909.296,21.0464,-12.0395,0.00101637,21.7652,-13.3586,0.00032274,0.126204,-18.9294,4.6941e-05,23.9944,-16.639,0.000812406,18.0302,30.1245,-0.165853,0.409391,12.9834,49.8265,-13.6042,0.182968,16.4519,48.0502,-11.1793,0.164703,13.7263,0.533742,9.28116
2,0.0159526,190,909.673,20.9232,-12.0648,0.00384835,21.7106,-13.3787,0.000146348,0.202236,-18.9574,0.00134697,24.0619,-16.6161,0.000339225,18.0512,30.1381,-0.213944,0.409815,13.0031,49.8739,-13.5961,0.183726,16.4336,48.0438,-11.1829,0.16544,13.6731,0.560995,9.29622
2,0.17162,381,907.915,20.8578,-12.0793,0.00104452,21.7631,-13.3423,4.80936e-05,0.225621,-18.9946,0.000459377,24.0146,-16.6022,0.00017939,18.0331,30.1393,-0.220892,0.406383,13.023,49.8478,-13.598,0.1829,16.4393,48.0748,-11.1696,0.169298,13.7333,0.528416,9.30705
2,5.93566e-05,102,908.56,20.888,-12.0258,0.000718047,21.8397,-13.3038,0.000231038,0.167762,-18.957,0.000827906,24.0811,-16.6606,2.90135e-05,17.9264,30.0595,-0.160806,0.406556,13.0303,49.8009,-13.6015,0.183403,16.4013,48.1004,-11.1656,0.167128,13.7168,0.560252,9.31339
2,3.17014e-05,0,909.066,21.0147,-11.9811,0.0042583,21.7817,-13.3762,3.2746e-05,0.230454,-18.9247,0.000442804,23.9452,-16.6252,0.000747566,17.9738,30.1498,-0.187457,0.405315,12.9605,49.8075,-13.6246,0.182305,16.4472,48.0828,-11.1799,0.166867,13.7316,0.533763,9.30391
2,0.00113662,221,904.673,20.9286,-12.0123,0.00202006,21.7358,-13.329,0.000184302,0.119695,-18.9728,0.000135793,23.9563,-16.5947,0.000521715,17.9774,30.1524,-0.168104,0.406627,13.008,49.802,-13.606,0.182294,16.4316,48.0237,-11.1977,0.169898,13.6876,0.55924,9.31443
2,2.87833e-05,225,906.636,20.9625,-12.0286,0.00334452,21.6368,-13.3193,7.86367e-05,0.225236,-18.9911,0.000151537,23.9753,-16.6182,0.000158371,18.0372,30.148,-0.162197,0.407465,12.9057,49.8375,-13.6158,0.182406,16.4437,48.0847,-11.1804,0.165529,13.7497,0.5508,9.2887
2,0.00700134,3,909.982,20.9656,-12.0189,0.00239047,21.7127,-13.2937,3.1304e-05,0.171129,-18.9794,0.000175394,23.9831,-16.63,0.00120652,18.0534,30.152,-0.200062,0.406618,13.0461,49.7873,-13.5913,0.181026,16.5041,48.0536,-11.1877,0.165431,13.7088,0.537863,9.31015
2,4.00311e-07,350,909.053,20.8921,-12.0032,0.00199843,21.7587,-13.3371,2.08763e-05,0.158918,-18.968,0.00092757,23.9866,-16.6499,0.000855419,17.8856,30.1367,-0.199731,0.407627,12.9533,49.8056,-13.6047,0.184074,16.4092,48.049,-11.1883,0.166013,13.7081,0.539066,9.29815
2,3.26433e-05,292,906.496,20.9305,-12.0457,0.00283977,21.6942,-13.3892,7.44445e-05,0.160543,-18.8749,0.000234959,24.0647,-16.6339,0.000642557,18.0116,30.0949,-0.17863,0.406666,12.9828,49.8085,-13.6024,0.183457,16.415,48.005,-11.1868,0.167788,13.6942,0.539223,9.2792
2,1.54766e-06,36,909.659,20.8952,-12.0547,0.00364569,21.6853,-13.3718,8.4634e-05,0.156362,-18.9673,0.000313651,23.9832,-16.5936,6.48547e-06,17.9446,30.1169,-0.143269,0.408991,12.9545,49.8182,-13.6253,0.182411,16.4442,48.0006,-11.1987,0.167513,13.6609,0.54956,9.30293
2,9.97881e-07,113,909.037,21.0306,-12.0552,0.00384413,21.6928,-13.356,0.000247933,0.102809,-18.9386,0.000563985,23.9948,-16.5891,0.000745095,18.0258,30.0747,-0.173664,0.408202,12.9181,49.8949,-13.6043,0.1823,16.5101,48.0081,-11.2144,0.167372,13.7123,0.56793,9.29142
2,0.000208119,94,909.848,20.8537,-12.0149,0.00339883,21.7038,-13.4056,1.4452e-05,0.172227,-18.9598,0.00048896,23.9586,-16.6629,0.00209332,17.9642,30.0849,-0.168504,0.407653,13.0246,49.8065,-13.6085,0.182438,16.4153,48.0853,-11.1843,0.165137,13.7245,0.5318,9.28116
2,0.000850445,295,909.596,21.0418,-12.0095,0.00174667,21.6702,-13.319,0.000133762,0.215333,-18.9615,0.000591728,24.001,-16.635,0.000183182,17.9957,30.1914,-0.190998,0.40731,12.9303,49.7997,-13.6148,0.181736,16.4203,48.1092,-11.1966,0.167278,13.7748,0.542775,9.28276
2,8.41485e-05,90,909.897,20.8275,-12.009,0.00282188,21.77,-13.3574,0.000133746,0.189407,-18.992,0.000366622,24.072,-16.5621,0.000523391,18.0089,30.1391,-0.200971,0.406849,13.0072,49.833,-13.5916,0.182235,16.4991,48.0475,-11.1109,0.165436,13.7118,0.565174,9.30325
2,0.000159147,190,909.118,20.8975,-12.0204,0.00583209,21.7074,-13.3258,2.49806e-05,0.122947,-18.9609,0.000782601,23.9041,-16.6288,0.000296955,18.0414,30.0849,-0.161777,0.406978,13.011,49.8832,-13.5809,0.180249,16.4148,47.938,-11.2085,0.165666,13.7488,0.546852,9.27676
2,7.63183e-05,740,909.775,20.9876,-12.0551,0.00218199,21.7716,-13.3602,3.57249e-05,0.227722,-18.969,0.000518456,24.001,-16.6655,0.000398714,17.9957,30.1067,-0.209304,0.407762,12.969,49.8389,-13.594,0.183058,16.4155,48.0515,-11.1409,0.167473,13.748,0.55651,9.2825
2,3.8053e-06,153,909.932,20.9114,-12.0029,0.00180733,21.7854,-13.3558,0.000410889,0.124767,-18.9466,5.00535e-05,24.0194,-16.6429,0.00128361,17.9576,30.0681,-0.172407,0.406357,13.0019,49.8593,-13.6133,0.181806,16.438,48.1273,-11.231,0.166448,13.6804,0.549645,9.28302
2,0.000392745,189,909.048,20.9899,-12.0445,0.00312611,21.6152,-13.3265,9.5586e-05,0.217675,-18.9573,0.000340586,24.0503,-16.6579,0.000835465,17.9861,30.1164,-0.146223,0.404799,12.9514,49.792,-13.6105,0.183208,16.5268,48.0016,-11.1882,0.165646,13.7423,0.557582,9.2694
2,0.000151348,200,909.614,20.9502,-12.0733,0.00479054,21.6368,-13.3751,0.000114723,0.185439,-18.9156,0.000749762,23.9157,-16.6112,3.49265e-05,18.0289,30.0935,-0.164937,0.409101,12.996,49.7942,-13.6093,0.181788,16.3858,48.0191,-11.1935,0.167008,13.7372,0.551024,9.29926
2,3.05972e-09,137,907.993,20.8933,-12.0331,0.00285392,21.6918,-13.3564,0.000116868,0.186452,-18.9625,0.000347598,24.0574,-16.6906,0.000247948,18.0425,30.1345,-0.185906,0.408098,12.9587,49.7835,-13.5939,0.179525,16.3398,48.0307,-11.1938,0.16632,13.726,0.547714,9.28439
2,0.000241703,184,909.461,20.97,-12.0805,0.00145623,21.7133,-13.3245,7.31903e-05,0.245185,-19.0121,0.000781556,23.8769,-16.6508,0.000360241,17.9745,30.1489,-0.104539,0.406245,13.0348,49.8667,-13.5896,0.18321,16.4952,48.04,-11.1944,0.1663,13.7227,0.538744,9.30631
2,0.169417,89,909.478,20.9254,-11.9971,0.00335383,21.6432,-13.3325,0.000166445,0.261019,-18.961,0.000200875,24.068,-16.626,0.000489861,18.0376,30.0282,-0.170055,0.406857,12.942,49.8088,-13.6088,0.182106,16.3856,47.9851,-11.1469,0.164338,13.7055,0.544954,9.28673
2,3.66815e-09,90,908.051,20.8439,-12.0845,0.001966,21.747,-13.3601,1.83493e-05,0.141842,-18.9936,0.000186152,24.015,-16.6044,0.000182568,18.0302,30.0937,-0.13515,0.407973,13.0441,49.8881,-13.5944,0.181507,16.4894,48.0665,-11.1282,0.166853,13.7292,0.548375,9.29486
2,4.80566e-11,218,909.288,20.948,-12.0455,0.00256937,21.7221,-13.36,0.000173856,0.158608,-19.0219,0.000947004,24.0366,-16.6954,0.000188422,18.0207,30.1412,-0.169254,0.40544,12.978,49.7647,-13.6108,0.183167,16.3583,48.0393,-11.2055,0.167465,13.7292,0.555259,9.29389
2,1.05042e-06,88,909.75,20.9964,-12.0536,0.00165403,21.7491,-13.349,3.70386e-06,0.140667,-18.9765,3.26202e-05,24.1031,-16.6211,0.00119378,17.9569,30.1067,-0.220248,0.405632,12.9822,49.881,-13.6095,0.183383,16.386,47.9854,-11.1792,0.165846,13.7586,0.516777,9.30273
2,4.72397e-06,3693,909.905,20.9827,-12.0605,0.000520589,21.7028,-13.3272,0.000186671,0.114323,-18.971,9.80794e-05,24.0297,-16.6716,0.0003237,17.9732,30.1993,-0.161836,0.405604,13.0542,49.8123,-13.6132,0.183209,16.4459,48.0654,-11.1448,0.167545,13.6919,0.549795,9.26464
2,0.00196243,30,908.598,20.947,-12.0302,0.00312622,21.6499,-13.4098,5.22151e-05,0.105385,-18.984,0.00074174,23.9817,-16.6078,0.000859827,17.9465,30.1191,-0.152079,0.406593,13.0466,49.785,-13.603,0.182039,16.427,48.0159,-11.2097,0.166893,13.6858,0.557593,9.25516
2,6.99747e-06,125,908.155,20.935,-12.0712,0.00414275,21.7495,-13.3594,0.000130935,0.172868,-19.0115,0.000312181,23.9598,-16.6115,0.000723183,18.0568,30.1267,-0.193464,0.407738,12.9722,49.8372,-13.608,0.181328,16.5064,48.0654,-11.1702,0.165549,13.6927,0.538716,9.29632
2,7.49631e-06,274,909,20.9605,-12.0073,0.000760827,21.7552,-13.344,0.000208343,0.13588,-18.9987,0.00043151,23.9715,-16.6248,0.000179302,18.0802,30.128,-0.178348,0.407973,12.9403,49.8544,-13.6269,0.181657,16.5206,48.0164,-11.2051,0.16584,13.6557,0.523915,9.30073
2,0.000340089,215,909.843,20.9143,-11.9748,0.0014713,21.6658,-13.3228,0.000279575,0.160251,-18.9742,0.000746997,24.0171,-16.6272,5.64995e-05,17.954,30.136,-0.169854,0.405865,12.9556,49.8542,-13.6001,0.182024,16.3963,48.043,-11.1672,0.168158,13.7067,0.568172,9.26899
2,0.000122834,106,906.849,20.9322,-12,0.00359174,21.7317,-13.3464,0.000104088,0.160896,-18.9359,0.000211723,24.079,-16.6897,0.000726894,18.058,30.0949,-0.135098,0.407208,13.0257,49.8624,-13.5984,0.18212,16.4749,48.0047,-11.1589,0.167623,13.704,0.551802,9.27695
2,2.73448e-06,446,907.268,20.9021,-12.029,0.00242698,21.7267,-13.3467,0.00010929,0.113587,-18.9217,0.000287851,23.9762,-16.6548,0.000266597,17.9545,30.1322,-0.167186,0.408013,12.9859,49.8038,-13.606,0.18229,16.3566,48.0477,-11.1615,0.167317,13.6458,0.572598,9.28416
2,6.86261e-05,148,908.12,20.8973,-12.0334,0.00152208,21.707,-13.3811,0.000132917,0.148897,-18.9413,0.000311032,23.9297,-16.6904,0.000441389,17.9147,30.1024,-0.189393,0.407292,12.8945,49.8392,-13.6051,0.182806,16.4092,48.1111,-11.1864,0.167838,13.6925,0.548265,9.29343
2,5.25285e-05,30,909.646,20.8824,-12.098,0.00169437,21.7554,-13.3592,0.000249881,0.139349,-18.9596,0.000459423,24.0241,-16.6689,0.000150308,17.9525,30.1344,-0.186453,0.407889,13.0919,49.7707,-13.5914,0.181872,16.4293,48.054,-11.1739,0.166141,13.748,0.541896,9.28892
2,4.56146e-06,267,906.951,20.8734,-12.0514,0.00671575,21.715,-13.3538,0.000202721,0.0188475,-18.9566,9.17115e-05,23.9503,-16.594,0.00016135,18.0073,30.1261,-0.162176,0.40709,12.9777,49.8431,-13.5986,0.182298,16.4427,48.0032,-11.1822,0.169115,13.7159,0.549519,9.29353
2,2.19553e-05,20,908.936,20.879,-12.0265,0.00245634,21.7029,-13.3511,0.000209923,0.12472,-19.0074,0.000594672,24.0139,-16.6483,0.000455893,17.9856,30.1259,-0.206555,0.406045,12.9978,49.8163,-13.6049,0.183522,16.4178,48.0731,-11.1737,0.167531,13.6926,0.550324,9.30043
2,5.51364e-05,89,906.418,20.8714,-12.0453,0.00292224,21.6451,-13.318,3.88601e-05,0.159204,-18.9756,0.000601727,24.0451,-16.6004,0.000268739,18.0312,30.0686,-0.139586,0.40852,12.9844,49.8303,-13.597,0.183638,16.3849,48.0694,-11.1997,0.167277,13.7375,0.564553,9.3095
2,0.000244812,523,909.376,20.8711,-12.0569,0.00107078,21.7589,-13.3644,7.17412e-05,0.0940541,-18.9712,0.000691236,24.0237,-16.6345,0.000770997,18.0288,30.129,-0.12542,0.409117,12.9671,49.8626,-13.6194,0.183824,16.3863,48.0448,-11.1718,0.165859,13.6809,0.532407,9.27453
2,0.151532,643,908.686,20.9748,-12.0277,0.00269855,21.6719,-13.3462,0.000155593,0.10956,-18.9377,0.00115543,23.9892,-16.6709,0.000572451,17.9705,30.182,-0.192376,0.405683,13.0185,49.7869,-13.5888,0.183305,16.5061,48.0038,-11.1936,0.168458,13.7191,0.567403,9.30466
2,7.89128e-06,330,909.075,20.9898,-12.0203,0.00273113,21.6967,-13.3391,0.000157923,0.0885773,-19.0275,0.000735901,24.0586,-16.65,0.000113349,17.9735,30.0775,-0.174857,0.406004,13.0012,49.8443,-13.6094,0.182868,16.4419,48.0268,-11.1887,0.168049,13.6986,0.556325,9.30481
2,0.000638555,333,908.894,20.9515,-12.0432,0.00303102,21.7279,-13.3065,5.11932e-05,0.168155,-19.002,0.000157242,24.0044,-16.6826,0.000889728,18.0229,30.1772,-0.132344,0.407856,12.9795,49.8427,-13.6165,0.181773,16.4226,48.0193,-11.2036,0.165301,13.7408,0.544915,9.2831
2,7.05123e-06,17,909.366,20.8845,-12.0789,0.00463279,21.7182,-13.3599,5.43284e-05,0.117329,-18.986,0.000421889,24.0389,-16.6288,0.000835739,18.0571,30.1144,-0.158552,0.408963,13.0038,49.791,-13.6082,0.181924,16.4021,48.049,-11.1597,0.167909,13.7175,0.55624,9.31912
2,0.000184672,20,905.809,20.9199,-12.0218,0.00325624,21.783,-13.3284,5.9306e-05,0.192415,-18.944,2.48973e-06,24.0144,-16.6287,0.000364632,18.0735,30.1018,-0.109143,0.407236,12.9528,49.8055,-13.5947,0.182408,16.4393,48.0278,-11.1943,0.163478,13.7375,0.543253,9.29582
2,0.0332947,52,908.904,21.001,-12.0771,0.00477627,21.7275,-13.3799,4.87075e-05,0.251022,-18.9189,0.00042507,23.9691,-16.6419,0.000266188,17.9601,30.0904,-0.132479,0.408279,12.9309,49.79,-13.6168,0.183697,16.4736,48.02,-11.1911,0.16633,13.6516,0.53931,9.29302
2,5.53721e-05,1568,908.415,20.9588,-12.0566,0.00246294,21.7177,-13.3113,7.72117e-05,0.109263,-18.9634,0.000219958,23.9583,-16.6596,0.00059243,18.0276,30.091,-0.15257,0.406744,12.9886,49.8776,-13.5967,0.182234,16.3296,47.9978,-11.1901,0.166434,13.7388,0.55272,9.30658
2,1.82177e-06,37,909.692,21.0025,-11.9952,0.00283788,21.7626,-13.3335,0.000147714,0.0479283,-18.9233,0.000413283,23.969,-16.6644,0.000581033,18.0066,30.0849,-0.193232,0.407165,13.0095,49.766,-13.5995,0.183264,16.4489,48.0367,-11.2065,0.166443,13.682,0.566884,9.2946
2,7.5892e-06,13,908.295,20.9342,-12.0421,0.000662,21.6589,-13.3906,0.000159874,0.225859,-18.9659,0.00135221,23.9004,-16.6642,0.000303499,17.9959,30.1537,-0.166254,0.409046,13.0127,49.8759,-13.6053,0.181864,16.5041,48.0064,-11.1751,0.165513,13.66,0.571427,9.28638
2,5.85179e-06,34,909.693,20.8071,-12.0474,0.00303625,21.7065,-13.3738,0.000335839,0.102338,-18.9219,0.000181085,24.0372,-16.6684,0.000529332,17.9485,30.061,-0.137446,0.407653,12.9951,49.7932,-13.6162,0.181738,16.3857,48.0652,-11.1945,0.165608,13.694,0.542306,9.27656
2,0.00271432,185,909.633,20.8756,-12.0109,0.00283236,21.6971,-13.3874,0.000110559,0.135475,-18.9776,0.00019424,24.0686,-16.6187,0.000519823,18.0807,30.0682,-0.150657,0.407238,13.0033,49.8032,-13.5932,0.180924,16.4021,48.0838,-11.1482,0.167442,13.7587,0.541358,9.30477
2,4.92703e-05,275,907.545,20.9031,-12.0503,0.00284652,21.717,-13.369,0.000307571,0.293785,-18.901,0.000262666,24.097,-16.6433,2.32795e-05,17.9831,30.1172,-0.130694,0.406551,13.0345,49.8365,-13.6038,0.182479,16.3937,48.031,-11.2016,0.166401,13.7415,0.556093,9.30378
2,0.15082,13,909.258,20.9793,-12.0733,0.00190137,21.747,-13.3294,3.58381e-05,0.109061,-18.9582,2.99843e-05,24.1206,-16.6492,0.000948443,17.9872,30.1544,-0.134166,0.409098,13.0069,49.8499,-13.5932,0.182258,16.3632,48.1047,-11.1793,0.168753,13.7327,0.548301,9.31194
2,0.000511433,103,909.738,20.9293,-12.0403,0.0025894,21.665,-13.3271,2.38362e-05,0.219864,-18.9693,0.000840566,23.9505,-16.6592,0.000633123,17.9992,30.1251,-0.161351,0.409173,12.9636,49.7464,-13.5936,0.181669,16.391,48.0424,-11.1695,0.166067,13.7364,0.556578,9.30946
2,0.000114975,267,908.026,20.8716,-12.0343,0.00197012,21.7769,-13.3718,6.46589e-06,0.196021,-18.9368,0.000999046,23.8435,-16.6452,0.000871937,17.9348,30.111,-0.135683,0.405687,13.0069,49.8329,-13.6147,0.181746,16.3763,48.0151,-11.1809,0.167511,13.6609,0.55312,9.29792
2,6.46486e-07,11,905.318,20.8756,-12.0158,0.000594438,21.6352,-13.3514,0.000199266,0.156543,-18.9698,0.000565977,24.0022,-16.6337,0.000181837,18.0331,30.0567,-0.198434,0.404613,13.0444,49.8472,-13.5929,0.182927,16.4483,48.0569,-11.2125,0.167828,13.6926,0.566604,9.29278
2,1.25843e-05,108,903.782,20.988,-12.0458,0.00124997,21.7524,-13.3002,0.000143921,0.116815,-18.9568,6.64587e-05,24.1019,-16.7041,0.000256386,17.9531,30.1635,-0.171818,0.406498,13.0207,49.8222,-13.5955,0.183825,16.4732,48.0457,-11.2261,0.1664,13.7025,0.547442,9.29027
2,1.74553e-06,71,906.941,20.918,-12.0306,0.00473706,21.7798,-13.365,0.000152441,0.181713,-18.9996,0.000433972,24.0156,-16.6212,0.000369845,17.9732,30.1324,-0.119055,0.405841,12.9534,49.7858,-13.603,0.182522,16.4409,48.0396,-11.2013,0.16521,13.6572,0.546375,9.28352
2,0.00257541,17,908.676,20.8856,-12.0455,0.000925438,21.5722,-13.3631,2.28646e-05,0.184074,-18.9455,0.000477976,24.0427,-16.6215,0.000349123,18.0688,30.0504,-0.150584,0.405982,12.9215,49.8371,-13.6094,0.181763,16.3942,48.0798,-11.182,0.16646,13.6853,0.543391,9.2858
2,8.12322e-05,796,907.013,20.8388,-12.0485,0.00411702,21.6174,-13.3898,4.04527e-06,0.17143,-18.919,0.00022553,24.0164,-16.6799,0.000298472,18.005,30.1264,-0.166135,0.408021,12.9614,49.7886,-13.6065,0.182873,16.4247,48.0568,-11.1556,0.168218,13.6943,0.543365,9.28191
2,0.000166083,193,907.312,20.9391,-12.0206,0.0016984,21.7435,-13.3059,5.808e-05,0.105408,-18.9633,0.00012565,23.9749,-16.6343,0.00159029,17.9251,30.1161,-0.111094,0.406959,12.9432,49.8346,-13.6133,0.183867,16.3562,48.0146,-11.1987,0.166917,13.7191,0.550185,9.31143
