,date,temp,photo
0,2017-01-01 00:00:00,-6.299716826084108,8.795622080463719
1,2017-01-01 06:00:00,-2.287173669631746,8.798965013715542
2,2017-01-01 12:00:00,1.6417465101612454,8.802388991148092
3,2017-01-01 18:00:00,-4.255712929121387,8.805893790131233
4,2017-01-02 00:00:00,-6.638967763913617,8.809479183153675
5,2017-01-02 06:00:00,-1.1062540724176226,8.813144937876869
6,2017-01-02 12:00:00,4.333658510834444,8.81689081718982
7,2017-01-02 18:00:00,1.825309141852576,8.820716579264825
8,2017-01-03 00:00:00,0.6018981947098988,8.824621977614102
9,2017-01-03 06:00:00,0.39284075306145877,8.828606761147258
10,2017-01-03 12:00:00,1.077461383110176,8.832670674229623
11,2017-01-03 18:00:00,-2.8701549906513812,8.836813456741364
12,2017-01-04 00:00:00,-5.091942695715157,8.841034844137388
13,2017-01-04 06:00:00,-2.631523569452677,8.845334567507996
14,2017-01-04 12:00:00,0.17018607943587463,8.849712353640273
15,2017-01-04 18:00:00,-0.2652652746318533,8.854167925080157
16,2017-01-05 00:00:00,-0.7768611277715346,8.858701000195186
17,2017-01-05 06:00:00,-0.8839393295914798,8.86331129323788
18,2017-01-05 12:00:00,-0.2438496342678699,8.867998514409765
19,2017-01-05 18:00:00,-3.274672641971146,8.872762369925935
20,2017-01-06 00:00:00,-5.979841943822038,8.87760256208021
21,2017-01-06 06:00:00,-6.9282488742271555,8.882518789310804
22,2017-01-06 12:00:00,-6.401016204313777,8.887510746266504
23,2017-01-06 18:00:00,-9.4600534683696,8.892578123873324
24,2017-01-07 00:00:00,-12.19105751097706,8.897720609401581
25,2017-01-07 06:00:00,-11.391880201520971,8.90293788653343
26,2017-01-07 12:00:00,-9.653814024043763,8.90822963543073
27,2017-01-07 18:00:00,-13.825104863829191,8.913595532803347
28,2017-01-08 00:00:00,-15.904801494731904,8.919035251977714
29,2017-01-08 06:00:00,-12.553083812368262,8.92454846296574
30,2017-01-08 12:00:00,-8.140782035788126,8.930134832534003
31,2017-01-08 18:00:00,-10.103882402486912,8.935794024273154
32,2017-01-09 00:00:00,-11.044470924505191,8.941525698667595
33,2017-01-09 06:00:00,-8.395390204559968,8.947329513165316
34,2017-01-09 12:00:00,-6.476820772586298,8.95320512224791
35,2017-01-09 18:00:00,-10.858528777217876,8.959152177500748
36,2017-01-10 00:00:00,-15.710701008258317,8.965170327683248
37,2017-01-10 06:00:00,-12.818909697521226,8.971259218799261
38,2017-01-10 12:00:00,-8.550398649099312,8.977418494167484
39,2017-01-10 18:00:00,-8.689090415266074,8.98364779449196
40,2017-01-11 00:00:00,-8.899167649312801,8.989946757932543
41,2017-01-11 06:00:00,-8.901887095708219,8.996315020175397
42,2017-01-11 12:00:00,-9.269352289890284,9.002752214503424
43,2017-01-11 18:00:00,-13.67689503527842,9.009257971866651
44,2017-01-12 00:00:00,-13.685053374464701,9.01583192095253
45,2017-01-12 06:00:00,-7.122689291500194,9.022473688256127
46,2017-01-12 12:00:00,-0.3366507425117978,9.029182898150173
47,2017-01-12 18:00:00,-4.020820746716386,9.03595917295498
48,2017-01-13 00:00:00,-3.8508553470022,9.04280213300816
49,2017-01-13 06:00:00,1.0784811755084622,9.049711396734152
50,2017-01-13 12:00:00,4.312922732069315,9.056686580713537
51,2017-01-13 18:00:00,2.4181484560556328,9.063727299752093
52,2017-01-14 00:00:00,0.8972980594131457,9.0708331669496
53,2017-01-14 06:00:00,1.3313896902831648,9.07800379376835
54,2017-01-14 12:00:00,2.00751205034616,9.085238790101366
55,2017-01-14 18:00:00,0.2242350765449904,9.092537764340278
56,2017-01-15 00:00:00,-1.4839171905825406,9.09990032344288
57,2017-01-15 06:00:00,-0.5640644473293813,9.107326073000282
58,2017-01-15 12:00:00,2.2991726762557128,9.11481461730374
59,2017-01-15 18:00:00,-3.105047173056382,9.12236555941103
60,2017-01-16 00:00:00,-5.053870446179171,9.129978501212436
61,2017-01-16 06:00:00,-2.7447205256623213,9.137653043496298
62,2017-01-16 12:00:00,-0.26254582823642636,9.145388786014099
63,2017-01-16 18:00:00,-1.1450061835524632,9.153185327545096
64,2017-01-17 00:00:00,-1.1908968414752887,9.161042265960463
65,2017-01-17 06:00:00,-0.3359708809129529,9.168959198286926
66,2017-01-17 12:00:00,0.2840628972443729,9.176935720769908
67,2017-01-17 18:00:00,-0.5559061081431006,9.184971428936116
68,2017-01-18 00:00:00,-1.4988741457573742,9.1930659176556
69,2017-01-18 06:00:00,-1.6481037667064318,9.20121878120327
70,2017-01-18 12:00:00,-0.18776105236220056,9.209429613319807
71,2017-01-18 18:00:00,-1.4016539371208694,9.217698007272034
72,2017-01-19 00:00:00,-3.791027526302827,9.226023555912661
73,2017-01-19 06:00:00,-2.8038684847628588,9.234405851739437
74,2017-01-19 12:00:00,-1.4815376749865454,9.2428444869537
75,2017-01-19 18:00:00,-5.907096752744375,9.251339053518253
76,2017-01-20 00:00:00,-8.63198204096212,9.259889143214664
77,2017-01-20 06:00:00,-7.331406802349193,9.268494347699862
78,2017-01-20 12:00:00,-3.812783097466223,9.277154258562117
79,2017-01-20 18:00:00,-9.03581983068301,9.285868467376327
80,2017-01-21 00:00:00,-9.56339243139582,9.294636565758632
81,2017-01-21 06:00:00,-8.367855809806278,9.303458145420368
82,2017-01-21 12:00:00,-4.278488292683089,9.312332798221295
83,2017-01-21 18:00:00,-7.7111095053106835,9.321260116222161
84,2017-01-22 00:00:00,-8.021126394389341,9.33023969173653
85,2017-01-22 06:00:00,-6.775959876083249,9.339271117381921
86,2017-01-22 12:00:00,-4.096285384189476,9.348353986130224
87,2017-01-22 18:00:00,-6.288499109702987,9.357487891357373
88,2017-01-23 00:00:00,-5.888060627976387,9.366672426892329
89,2017-01-23 06:00:00,-5.277204981403618,9.375907187065293
90,2017-01-23 12:00:00,-2.288533392829464,9.385191766755202
91,2017-01-23 18:00:00,-5.347230726085854,9.394525761436475
92,2017-01-24 00:00:00,-7.4044919242262965,9.40390876722502
93,2017-01-24 06:00:00,-7.197134136574998,9.413340380923481
94,2017-01-24 12:00:00,-5.472325260275492,9.422820200065752
95,2017-01-24 18:00:00,-4.423298813239579,9.43234782296072
96,2017-01-25 00:00:00,-4.1010444153814944,9.441922848735247
97,2017-01-25 06:00:00,-3.720321920021727,9.451544877376431
98,2017-01-25 12:00:00,-2.866415751857668,9.461213509773062
99,2017-01-25 18:00:00,-2.997968971236446,9.470928347756338
100,2017-01-26 00:00:00,-2.959216860101615,9.480688994139827
101,2017-01-26 06:00:00,-2.5186665440424654,9.490495052758655
102,2017-01-26 12:00:00,-1.612750963565882,9.500346128507937
103,2017-01-26 18:00:00,-3.5574950670955254,9.510241827380453
104,2017-01-27 00:00:00,-5.193921935543652,9.520181756503536
105,2017-01-27 06:00:00,-4.039177009885511,9.530165524175246
106,2017-01-27 12:00:00,-2.458838723343073,9.540192739899739
107,2017-01-27 18:00:00,-5.720814674657627,9.550263014421898
108,2017-01-28 00:00:00,-6.821170672407239,9.560375959761226
109,2017-01-28 06:00:00,-5.901657859953531,9.57053118924494
110,2017-01-28 12:00:00,-4.230218119164268,9.580728317540359
111,2017-01-28 18:00:00,-7.149543824655022,9.590966960686512
112,2017-01-29 00:00:00,-6.378240840752085,9.60124673612501
113,2017-01-29 06:00:00,-5.680702840325078,9.611567262730178
114,2017-01-29 12:00:00,-4.488225595930392,9.621928160838438
115,2017-01-29 18:00:00,-7.446303412555977,9.632329052276955
116,2017-01-30 00:00:00,-7.930364870941976,9.642769560391557
117,2017-01-30 06:00:00,-5.497140208633766,9.653249310073909
118,2017-01-30 12:00:00,-2.2348243265197802,9.663767927787998
119,2017-01-30 18:00:00,-4.404602619271003,9.674325041595834
120,2017-01-31 00:00:00,-4.6751875356159855,9.684920281182501
121,2017-01-31 06:00:00,-1.6100315171704551,9.695553277880444
122,2017-01-31 12:00:00,2.881814066475916,9.706223664693079
123,2017-01-31 18:00:00,1.5486054711178856,9.716931076317689
124,2017-02-01 00:00:00,0.649488506629865,9.727675149167608
125,2017-02-01 06:00:00,2.237985132358593,9.738455521393755
126,2017-02-01 12:00:00,4.945194019006077,9.749271832905421
127,2017-02-01 18:00:00,4.041318023326066,9.760123725390438
128,2017-02-02 00:00:00,3.35363801608248,9.77101084233461
129,2017-02-02 06:00:00,6.6910786048701425,9.781932829040533
130,2017-02-02 12:00:00,10.086647360360038,9.792889332645707
131,2017-02-02 18:00:00,6.694817843663846,9.803880002140007
132,2017-02-03 00:00:00,4.506343356944048,9.814904488382512
133,2017-02-03 06:00:00,9.264694687342256,9.825962444117666
134,2017-02-03 12:00:00,12.141868973703899,9.837053523990834
135,2017-02-03 18:00:00,8.093293152512123,9.84817738456318
136,2017-02-04 00:00:00,6.387520400980596,9.859333684325964
137,2017-02-04 06:00:00,8.996149355793847,9.870522083714187
138,2017-02-04 12:00:00,11.078565433092004,9.88174224511966
139,2017-02-04 18:00:00,6.588419503442755,9.892993832903427
140,2017-02-05 00:00:00,5.918755828568901,9.904276513407606
141,2017-02-05 06:00:00,8.75887765779286,9.915589954966665
142,2017-02-05 12:00:00,10.979985501257772,9.926933827918072
143,2017-02-05 18:00:00,7.0857382630064665,9.938307804612393
144,2017-02-06 00:00:00,6.19511956850414,9.949711559422818
145,2017-02-06 06:00:00,9.094389356828657,9.961144768754119
146,2017-02-06 12:00:00,12.409734443653454,9.972607111051056
147,2017-02-06 18:00:00,7.490255914326203,9.98409826680623
148,2017-02-07 00:00:00,5.623695894665076,9.99561791856741
149,2017-02-07 06:00:00,3.0925711621215064,10.007165750944305
150,2017-02-07 12:00:00,1.6903566144795075,10.018741450614836
151,2017-02-07 18:00:00,1.3089542575208857,10.030344706330865
152,2017-02-08 00:00:00,1.4129730821459627,10.041975208923423
153,2017-02-08 06:00:00,1.7641215979554563,10.05363265130745
154,2017-02-08 12:00:00,2.5891336481680867,10.065316728486003
155,2017-02-08 18:00:00,1.7185708708320628,10.077027137554014
156,2017-02-09 00:00:00,0.960185257307387,10.088763577701545
157,2017-02-09 06:00:00,1.443566854094532,10.100525750216573
158,2017-02-09 12:00:00,2.0428648534867193,10.11231335848731
159,2017-02-09 18:00:00,-0.22447357870045911,10.124126108004056
160,2017-02-10 00:00:00,-0.8866587759868972,10.135963706360627
161,2017-02-10 06:00:00,0.18140379581700472,10.147825863255305
162,2017-02-10 12:00:00,1.9599217384261938,10.15971229049137
163,2017-02-10 18:00:00,-0.46514458469572634,10.1716227019772
164,2017-02-11 00:00:00,-1.5029533153505288,10.183556813725946
165,2017-02-11 06:00:00,0.1324537606993393,10.195514343854807
166,2017-02-11 12:00:00,3.0473603657975254,10.207495012583864
167,2017-02-11 18:00:00,-1.281318434123212,10.219498542234545
168,2017-02-12 00:00:00,-3.4837300836195766,10.231524657227693
169,2017-02-12 06:00:00,-1.8167094432228812,10.243573084081232
170,2017-02-12 12:00:00,1.134909688213573,10.255643551407466
171,2017-02-12 18:00:00,-3.0601763075318424,10.267735789910006
172,2017-02-13 00:00:00,-4.843453281333022,10.279849532380323
173,2017-02-13 06:00:00,-2.0584002416164537,10.291984513693965
174,2017-02-13 12:00:00,0.9941783372502376,10.30414047080639
175,2017-02-13 18:00:00,-2.9313425345484823,10.31631714274849
176,2017-02-14 00:00:00,-5.183044149961954,10.328514270621747
177,2017-02-14 06:00:00,-3.2049868280883325,10.34073159759308
178,2017-02-14 12:00:00,-0.6004370428682174,10.352968868889365
179,2017-02-14 18:00:00,-2.6267645382606872,10.365225831791616
180,2017-02-15 00:00:00,-4.588165250962324,10.377502235628901
181,2017-02-15 06:00:00,0.15216974706617256,10.389797831771897
182,2017-02-15 12:00:00,6.726771338810106,10.402112373626203
183,2017-02-15 18:00:00,0.07398566319764655,10.41444561662531
184,2017-02-16 00:00:00,-3.123743367024929,10.426797318223326
185,2017-02-16 06:00:00,-0.7629239649949776,10.439167237887421
186,2017-02-16 12:00:00,3.50320756783096,10.45155513708995
187,2017-02-16 18:00:00,-1.2364475685986822,10.463960779300384
188,2017-02-17 00:00:00,-2.5577585859767282,10.476383929976919
189,2017-02-17 06:00:00,-0.7197527534675885,10.48882435655787
190,2017-02-17 12:00:00,4.4573933218263635,10.501281828452791
191,2017-02-17 18:00:00,-0.5684835477219489,10.513756117033374
192,2017-02-18 00:00:00,-0.3641851372655083,10.526246995624087
193,2017-02-18 06:00:00,1.0672634591273134,10.538754239492608
194,2017-02-18 12:00:00,2.6057902573400895,10.551277625840015
195,2017-02-18 18:00:00,1.7352274800040466,10.563816933790763
196,2017-02-19 00:00:00,0.48836130770084196,10.576371944382451
197,2017-02-19 06:00:00,1.3375084446728636,10.588942440555359
198,2017-02-19 12:00:00,2.4246071412447727,10.60152820714182
199,2017-02-19 18:00:00,1.644465956556682,10.614129030855358
200,2017-02-20 00:00:00,0.9170140457799789,10.62674470027964
201,2017-02-20 06:00:00,1.5690013190835732,10.63937500585727
202,2017-02-20 12:00:00,5.341553331139532,10.652019739878353
203,2017-02-20 18:00:00,2.0982735737935436,10.664678696468917
204,2017-02-21 00:00:00,0.03795299845825184,10.677351671579151
205,2017-02-21 06:00:00,4.924118309441515,10.690038462971467
206,2017-02-21 12:00:00,9.376531920354182,10.702738870208417
207,2017-02-21 18:00:00,7.658181729243817,10.715452694640417
208,2017-02-22 00:00:00,5.681144199768464,10.728179739393381
209,2017-02-22 06:00:00,9.095749080026357,10.74091980935611
210,2017-02-22 12:00:00,14.21374719621977,10.753672711167638
211,2017-02-22 18:00:00,8.918305202724753,10.766438253204369
212,2017-02-23 00:00:00,7.450823941592508,10.77921624556709
213,2017-02-23 06:00:00,11.933831324453763,10.79200650006788
214,2017-02-23 12:00:00,16.864867500961548,10.804808830216842
215,2017-02-23 18:00:00,10.032938294050354,10.817623051208777
216,2017-02-24 00:00:00,7.418870446446259,10.830448979909663
217,2017-02-24 06:00:00,12.487578596722548,10.843286434843083
218,2017-02-24 12:00:00,11.929412224061187,10.856135236176494
219,2017-02-24 18:00:00,5.374866549483518,10.868995205707412
220,2017-02-25 00:00:00,4.521980173717765,10.8818661668495
221,2017-02-25 06:00:00,5.817116519539809,10.89474794461852
222,2017-02-25 12:00:00,8.548460492946703,10.907640365618214
223,2017-02-25 18:00:00,1.4785797264356308,10.920543258026106
224,2017-02-26 00:00:00,-0.9971362858011238,10.933456451579165
225,2017-02-26 06:00:00,5.027117341668306,10.946379777559423
226,2017-02-26 12:00:00,11.503139001578015,10.9593130687795
227,2017-02-26 18:00:00,7.124150443341866,10.972256159568023
228,2017-02-27 00:00:00,6.4436089828862935,10.985208885755014
229,2017-02-27 06:00:00,10.195085285377681,10.998171084657155
230,2017-02-27 12:00:00,16.29106431152647,11.011142595063014
231,2017-02-27 18:00:00,11.00853968840976,11.024123257218188
232,2017-02-28 00:00:00,8.053181318179574,11.037112912810384
233,2017-02-28 06:00:00,14.928961598217038,11.050111404954443
234,2017-02-28 12:00:00,19.63020455431129,11.063118578177285
235,2017-02-28 18:00:00,12.796575693402929,11.076134278402833
236,2017-03-01 00:00:00,10.527197676419187,11.089158352936826
237,2017-03-01 06:00:00,9.532900088091234,11.102190650451647
238,2017-03-01 12:00:00,6.158067111366449,11.11523102097104
239,2017-03-01 18:00:00,4.579088548021711,11.128279315854824
240,2017-03-02 00:00:00,2.2036521216163387,11.141335387783538
241,2017-03-02 06:00:00,8.261218967429736,11.154399090743054
242,2017-03-02 12:00:00,15.035699869237552,11.167470280009145
243,2017-03-02 18:00:00,8.752418972603712,11.180548812132011
244,2017-03-03 00:00:00,8.102471284096689,11.193634544920789
245,2017-03-03 06:00:00,10.976246262464059,11.206727337428
246,2017-03-03 12:00:00,13.298993414958042,11.219827049933986
247,2017-03-03 18:00:00,7.119731342949308,11.232933543931319
248,2017-03-04 00:00:00,5.156291045451089,11.246046682109158
249,2017-03-04 06:00:00,12.682019013995577,11.259166328337608
250,2017-03-04 12:00:00,20.007527741676768,11.27229234765204
251,2017-03-04 18:00:00,14.161737783907228,11.285424606237399
252,2017-03-05 00:00:00,12.666042266422446,11.298562971412467
253,2017-03-05 06:00:00,15.346736550714505,11.311707311614148
254,2017-03-05 12:00:00,14.880011563099345,11.324857496381702
255,2017-03-05 18:00:00,10.249134282486787,11.338013396340969
256,2017-03-06 00:00:00,6.119994861830482,11.3511748831886
257,2017-03-06 06:00:00,9.49856707734896,11.364341829676249
258,2017-03-06 12:00:00,10.279048192836484,11.377514109594768
259,2017-03-06 18:00:00,4.218082039028805,11.3906915977584
260,2017-03-07 00:00:00,5.527495478426857,11.403874169988928
261,2017-03-07 06:00:00,7.593934808151867,11.417061703099883
262,2017-03-07 12:00:00,8.534863260969558,11.430254074880667
263,2017-03-07 18:00:00,7.961400002333913,11.443451164080738
264,2017-03-08 00:00:00,7.368220757331433,11.456652850393754
265,2017-03-08 06:00:00,7.711210933954637,11.46985901444173
266,2017-03-08 12:00:00,9.369053442766765,11.483069537759185
267,2017-03-08 18:00:00,6.871241928567163,11.496284302777305
268,2017-03-09 00:00:00,3.230243135889983,11.509503192808088
269,2017-03-09 06:00:00,7.795173841413448,11.5227260920285
270,2017-03-09 12:00:00,12.452905655180851,11.535952885464653
271,2017-03-09 18:00:00,6.599637219823895,11.549183458975936
272,2017-03-10 00:00:00,2.6268659669046506,11.562417699239212
273,2017-03-10 06:00:00,5.774285238811852,11.575655493732986
274,2017-03-10 12:00:00,8.600129974459813,11.588896730721583
275,2017-03-10 18:00:00,6.520773274356524,11.602141299239337
276,2017-03-11 00:00:00,5.150852152660235,11.615389089074794
277,2017-03-11 06:00:00,6.3667846222154765,11.628639990754916
278,2017-03-11 12:00:00,8.60590879805008,11.641893895529302
279,2017-03-11 18:00:00,6.654026147732442,11.655150695354404
280,2017-03-12 00:00:00,4.08550902725175,11.668410282877787
281,2017-03-12 06:00:00,5.348691877927536,11.68167255142236
282,2017-03-12 12:00:00,6.439869744092571,11.694937394970642
283,2017-03-12 18:00:00,5.337474161546396,11.708204708149053
284,2017-03-13 00:00:00,4.456373529428087,11.72147438621218
285,2017-03-13 06:00:00,6.686999435276988,11.734746325027102
286,2017-03-13 12:00:00,10.880725707824695,11.748020421057692
287,2017-03-13 18:00:00,6.598617427425618,11.761296571348966
288,2017-03-14 00:00:00,3.5117058378166726,11.774574673511417
289,2017-03-14 06:00:00,6.907614524106009,11.787854625705382
290,2017-03-14 12:00:00,11.434812910892921,11.801136326625429
291,2017-03-14 18:00:00,6.258686627997264,11.81441967548475
292,2017-03-15 00:00:00,3.255398015047689,11.827704571999577
293,2017-03-15 06:00:00,8.331244712111973,11.84099091637361
294,2017-03-15 12:00:00,13.118150229662149,11.854278609282465
295,2017-03-15 18:00:00,10.11588140911087,11.86756755185815
296,2017-03-16 00:00:00,6.008157628818547,11.88085764567354
297,2017-03-16 06:00:00,9.662753653472862,11.89414879272689
298,2017-03-16 12:00:00,14.016927263350738,11.907440895426348
299,2017-03-16 18:00:00,8.261218967429736,11.920733856574502
300,2017-03-17 00:00:00,4.096726743632881,11.934027579352938
301,2017-03-17 06:00:00,9.22526271460857,11.94732196730683
302,2017-03-17 12:00:00,14.107688786798121,11.96061692432952
303,2017-03-17 18:00:00,8.448520837914751,11.973912354647155
304,2017-03-18 00:00:00,6.514314589167394,11.987208162803316
305,2017-03-18 06:00:00,12.471941779948859,12.000504253643685
306,2017-03-18 12:00:00,16.984183211560907,12.013800532300717
307,2017-03-18 18:00:00,12.010655685124561,12.027096904178348
308,2017-03-19 00:00:00,10.330377743550182,12.0403932749367
309,2017-03-19 06:00:00,10.73659504886706,12.053689550476847
310,2017-03-19 12:00:00,11.127175537410238,12.066985636925544
311,2017-03-19 18:00:00,8.178615783168643,12.080281440620041
312,2017-03-20 00:00:00,7.249924839130358,12.093576868092864
313,2017-03-20 06:00:00,13.768437848968622,12.106871826056647
314,2017-03-20 12:00:00,18.984336035397394,12.120166221388976
315,2017-03-20 18:00:00,10.783165568388759,12.133459961117259
316,2017-03-21 00:00:00,8.219067548300615,12.146752952403599
317,2017-03-21 06:00:00,16.15305240695858,12.160045102529718
318,2017-03-21 12:00:00,22.216398076362243,12.173336318881876
319,2017-03-21 18:00:00,14.489771005355598,12.186626508935827
320,2017-03-22 00:00:00,10.766848890016178,12.199915580241786
321,2017-03-22 06:00:00,17.86222446648439,12.21320344040942
322,2017-03-22 12:00:00,24.199214429427883,12.22648999709287
323,2017-03-22 18:00:00,16.089825278264886,12.239775157975783
324,2017-03-23 00:00:00,11.146551592977659,12.25305883075636
325,2017-03-23 06:00:00,16.91007829728552,12.266340923132448
326,2017-03-23 12:00:00,22.316677662193626,12.27962134278663
327,2017-03-23 18:00:00,14.924202567025048,12.292899997371347
328,2017-03-24 00:00:00,10.650932487411106,12.306176794494043
329,2017-03-24 06:00:00,17.775202181830707,12.319451641702331
330,2017-03-24 12:00:00,22.025017036284083,12.33272444646917
331,2017-03-24 18:00:00,13.241205179055234,12.34599511617808
332,2017-03-25 00:00:00,7.390316259294262,12.359263558108369
333,2017-03-25 06:00:00,10.66452971938825,12.372529679420378
334,2017-03-25 12:00:00,15.605083958280062,12.385793387140758
335,2017-03-25 18:00:00,7.463401381171366,12.399054588147765
336,2017-03-26 00:00:00,4.525039550912605,12.412313189156572
337,2017-03-26 06:00:00,7.653422698051817,12.425569096704605
338,2017-03-26 12:00:00,10.129818571887435,12.438822217136904
339,2017-03-26 18:00:00,4.538296852090326,12.45207245659151
340,2017-03-27 00:00:00,1.1481669893912756,12.465319720984862
341,2017-03-27 06:00:00,7.24856511593264,12.478563915997219
342,2017-03-27 12:00:00,12.982177909890813,12.49180494705812
343,2017-03-27 18:00:00,5.628454925857075,12.505042719331845
344,2017-03-28 00:00:00,1.9048529489188013,12.518277137702908
345,2017-03-28 06:00:00,11.069387301507419,12.531508106761581
346,2017-03-28 12:00:00,17.433571728405195,12.544735530789424
347,2017-03-28 18:00:00,9.168154340304605,12.557959313744844
348,2017-03-29 00:00:00,4.739195954552495,12.571179359248688
349,2017-03-29 06:00:00,15.069013087581538,12.584395570569853
350,2017-03-29 12:00:00,21.147655642959496,12.597607850610906
351,2017-03-29 18:00:00,12.109235616958793,12.610816101893747
352,2017-03-30 00:00:00,8.362518345659376,12.624020226545278
353,2017-03-30 06:00:00,16.043254758743206,12.637220126283127
354,2017-03-30 12:00:00,19.13492537954416,12.65041570240135
355,2017-03-30 18:00:00,10.717898854898493,12.663606855756205
356,2017-03-31 00:00:00,7.836645398943706,12.676793486751912
357,2017-03-31 06:00:00,14.729082288153165,12.689975495326467
358,2017-03-31 12:00:00,19.666237219050686,12.70315278093746
359,2017-03-31 18:00:00,12.797595485801216,12.71632524254794
360,2017-04-01 00:00:00,8.735762363431727,12.729492778612286
361,2017-04-01 06:00:00,16.72209656520165,12.742655287062115
362,2017-04-01 12:00:00,23.343948538066126,12.755812665292217
363,2017-04-01 18:00:00,15.666611432976586,12.768964810146514
364,2017-04-02 00:00:00,10.624417885055712,12.782111617904048
365,2017-04-02 06:00:00,18.763720946568384,12.795252984265005
366,2017-04-02 12:00:00,23.973160447808016,12.808388804336744
367,2017-04-02 18:00:00,15.266512882049398,12.821518972619886
368,2017-04-03 00:00:00,10.418759751401543,12.834643382994413
369,2017-04-03 06:00:00,18.430928693928024,12.8477619287058
370,2017-04-03 12:00:00,23.351766946452972,12.860874502351187
371,2017-04-03 18:00:00,14.566255435226983,12.873980995865564
372,2017-04-04 00:00:00,11.707097481235033,12.887081300508004
373,2017-04-04 06:00:00,15.341977519522496,12.900175306847927
374,2017-04-04 12:00:00,16.747251444359346,12.913262904751395
375,2017-04-04 18:00:00,11.201960313284482,12.926343983367426
376,2017-04-05 00:00:00,8.883972191982489,12.939418431114369
377,2017-04-05 06:00:00,11.909356306894901,12.952486135666298
378,2017-04-05 12:00:00,13.102853343687883,12.965546983939438
379,2017-04-05 18:00:00,9.78954784165964,12.978600862078652
380,2017-04-06 00:00:00,9.544117804472364,12.99164765544393
381,2017-04-06 06:00:00,11.636051944154502,13.00468724859694
382,2017-04-06 12:00:00,12.592957144545343,13.017719525287616
383,2017-04-06 18:00:00,7.0167323107225075,13.030744368440786
384,2017-04-07 00:00:00,4.618180589955993,13.04376166014283
385,2017-04-07 06:00:00,9.49380804615698,13.05677128162839
386,2017-04-07 12:00:00,9.495507700154121,13.069773113267127
387,2017-04-07 18:00:00,7.9240076143968,13.082767034550516
388,2017-04-08 00:00:00,7.518130239879345,13.09575292407867
389,2017-04-08 06:00:00,11.76284613234129,13.108730659547252
390,2017-04-08 12:00:00,15.582308594718342,13.121700117734383
391,2017-04-08 18:00:00,10.625437677453997,13.134661174487643
392,2017-04-09 00:00:00,6.636349746162172,13.147613704711093
393,2017-04-09 06:00:00,13.74736213940406,13.160557582352356
394,2017-04-09 12:00:00,18.05428536816139,13.173492680389757
395,2017-04-09 18:00:00,9.685529017034574,13.186418870819505
396,2017-04-10 00:00:00,5.868106139454085,13.199336024642935
397,2017-04-10 06:00:00,15.87022998183418,13.212244011853807
398,2017-04-10 12:00:00,20.383151275045094,13.22514270142566
399,2017-04-10 18:00:00,12.296197556644378,13.238031961299232
400,2017-04-11 00:00:00,8.290113085381156,13.250911658369917
401,2017-04-11 06:00:00,16.58578431463089,13.263781658475313
402,2017-04-11 12:00:00,17.894177961630636,13.276641826382827
403,2017-04-11 18:00:00,11.146891523777091,13.289492025777319
404,2017-04-12 00:00:00,5.7266949268918665,13.302332119248842
405,2017-04-12 06:00:00,12.085780391798219,13.315161968280442
406,2017-04-12 12:00:00,16.141154828978575,13.32798143323602
407,2017-04-12 18:00:00,9.301407213680525,13.340790373348273
408,2017-04-13 00:00:00,6.044870155156825,13.353588646706703
409,2017-04-13 06:00:00,15.706383336509711,13.3663761102457
410,2017-04-13 12:00:00,21.291446371117683,13.379152619732716
411,2017-04-13 18:00:00,15.126461392684917,13.391918029756498
412,2017-04-14 00:00:00,11.261448203184463,13.404672193715411
413,2017-04-14 06:00:00,14.131823873557531,13.417414963805847
414,2017-04-14 12:00:00,18.449964818695992,13.430146191010708
415,2017-04-14 18:00:00,11.772024263925857,13.442865725087993
416,2017-04-15 00:00:00,8.337703397301112,13.455573414559444
417,2017-04-15 06:00:00,14.584271767596675,13.468269106699324
418,2017-04-15 12:00:00,16.402561613738992,13.480952647523248
419,2017-04-15 18:00:00,11.941649732840602,13.493623881777138
420,2017-04-16 00:00:00,10.206982863357666,13.506282652926256
421,2017-04-16 06:00:00,12.632389117279027,13.518928803144352
422,2017-04-16 12:00:00,14.3711351563551,13.531562173302895
423,2017-04-16 18:00:00,8.84725966564423,13.544182602960442
424,2017-04-17 00:00:00,4.719479968185634,13.556789930352071
425,2017-04-17 06:00:00,10.148854696655425,13.569383992378961
426,2017-04-17 12:00:00,13.969676882230203,13.581964624598054
427,2017-04-17 18:00:00,6.902515562114559,13.594531661211866
428,2017-04-18 00:00:00,3.5654149041263565,13.607084935058372
429,2017-04-18 06:00:00,11.162528340550788,13.619624277601048
430,2017-04-18 12:00:00,11.078225502292563,13.632149518919018
431,2017-04-18 18:00:00,7.1989352192161205,13.644660487697331
432,2017-04-19 00:00:00,4.101825705624312,13.65715701121737
433,2017-04-19 06:00:00,1.7651413903537427,13.669638915347369
434,2017-04-19 12:00:00,4.445835674645821,13.682106024533107
435,2017-04-19 18:00:00,3.618104178037754,13.694558161788697
436,2017-04-20 00:00:00,1.8565827753999713,13.706995148687533
437,2017-04-20 06:00:00,3.9437578838901097,13.719416805353383
438,2017-04-20 12:00:00,4.6338174067296904,13.731822950451631
439,2017-04-20 18:00:00,3.2428205754688313,13.744213401180641
440,2017-04-21 00:00:00,2.565338492208118,13.75658797326331
441,2017-04-21 06:00:00,5.5757656519456775,13.76894648093875
442,2017-04-21 12:00:00,8.384613847622234,13.781288736954144
443,2017-04-21 18:00:00,4.369351244774426,13.793614552556758
444,2017-04-22 00:00:00,2.9062890840347584,13.80592373748611
445,2017-04-22 06:00:00,8.809867277707118,13.818216099966326
446,2017-04-22 12:00:00,13.738863869418358,13.830491446698657
447,2017-04-22 18:00:00,10.239956150902222,13.842749582854166
448,2017-04-23 00:00:00,7.350204424961731,13.854990312066612
449,2017-04-23 06:00:00,7.037808020287059,13.867213436425494
450,2017-04-23 12:00:00,10.393944803043269,13.879418756469308
451,2017-04-23 18:00:00,5.409539491025204,13.891606071178968
452,2017-04-24 00:00:00,2.587773924970378,13.903775177971438
453,2017-04-24 06:00:00,10.821577748724158,13.915925872693554
454,2017-04-24 12:00:00,15.489167555674982,13.928057949616052
455,2017-04-24 18:00:00,10.090386599153751,13.940171201427797
456,2017-04-25 00:00:00,7.483117367538209,13.952265419230216
457,2017-04-25 06:00:00,17.189841345215086,13.964340392531964
458,2017-04-25 12:00:00,21.867629076148756,13.976395909243784
459,2017-04-25 18:00:00,14.646479103892071,13.988431755673599
460,2017-04-26 00:00:00,10.19780473177311,14.00044771652182
461,2017-04-26 06:00:00,18.937085654276842,14.012443574876912
462,2017-04-26 12:00:00,23.077442791314287,14.02441911221114
463,2017-04-26 18:00:00,16.192824310491705,14.036374108376602
464,2017-04-27 00:00:00,13.26636005821292,14.04830834160149
465,2017-04-27 06:00:00,21.338016890639363,14.060221588486574
466,2017-04-27 12:00:00,25.209488765328974,14.07211362400196
467,2017-04-27 18:00:00,18.06686280774024,14.0839842214841
468,2017-04-28 00:00:00,16.804019887863888,14.09583315263304
469,2017-04-28 06:00:00,20.714923735287176,14.107660187509964
470,2017-04-28 12:00:00,22.520296211051203,14.119465094534979
471,2017-04-28 18:00:00,14.872533085511918,14.13124764048517
472,2017-04-29 00:00:00,9.162715447513742,14.143007590492955
473,2017-04-29 06:00:00,8.064738965360144,14.154744708044689
474,2017-04-29 12:00:00,8.176236267572648,14.166458754979585
475,2017-04-29 18:00:00,5.827654374322104,14.178149491488893
476,2017-04-30 00:00:00,3.9617742162598213,14.1898166761154
477,2017-04-30 06:00:00,10.971827162071492,14.201460065753206
478,2017-04-30 12:00:00,15.234219456103716,14.213079415647815
479,2017-04-30 18:00:00,11.35424931142839,14.224674479396537
480,2017-05-01 00:00:00,8.926463541911042,14.236245008949185
481,2017-05-01 06:00:00,15.834197317094768,14.247790754609106
482,2017-05-01 12:00:00,21.495744781574132,14.259311465034525
483,2017-05-01 18:00:00,15.409623748608729,14.270806887240216
484,2017-05-02 00:00:00,13.458760890689376,14.2822767665995
485,2017-05-02 06:00:00,19.425226282255977,14.293720846846586
486,2017-05-02 12:00:00,23.28514050976503,14.305138870079244
487,2017-05-02 18:00:00,16.979084249569496,14.316530576761823
488,2017-05-03 00:00:00,15.05303634000839,14.327895705728624
489,2017-05-03 06:00:00,20.659854945779784,14.339233994187618
490,2017-05-03 12:00:00,22.783062719009337,14.350545177724532
491,2017-05-03 18:00:00,16.935913038042077,14.361828990307286
492,2017-05-04 00:00:00,14.068596744863868,14.373085164290806
493,2017-05-04 06:00:00,17.77860148982499,14.38431343042221
494,2017-05-04 12:00:00,21.50662256715583,14.39551351784636
495,2017-05-04 18:00:00,15.78626707437538,14.406685154111807
496,2017-05-05 00:00:00,13.375817775628851,14.417828065177122
497,2017-05-05 06:00:00,15.14141834785977,14.4289419754176
498,2017-05-05 12:00:00,14.176694739082071,14.440026607632381
499,2017-05-05 18:00:00,12.60519465332475,14.451081683051962
500,2017-05-06 00:00:00,12.741166973096105,14.462106921346106
501,2017-05-06 06:00:00,15.672730187366293,14.473102040632162
502,2017-05-06 12:00:00,19.595191681970146,14.484066757483813
503,2017-05-06 18:00:00,15.03705959243527,14.495000786940215
504,2017-05-07 00:00:00,13.709289889868083,14.505903842515586
505,2017-05-07 06:00:00,14.045821381302167,14.516775636209186
506,2017-05-07 12:00:00,15.792385828765086,14.52761587851577
507,2017-05-07 18:00:00,13.840163247647999,14.538424278436436
508,2017-05-08 00:00:00,12.983877563887972,14.549200543489931
509,2017-05-08 06:00:00,16.73161462758563,14.559944379724405
510,2017-05-08 12:00:00,18.205894504706436,14.570655491729585
511,2017-05-08 18:00:00,13.405731685978566,14.58133358264944
512,2017-05-09 00:00:00,11.176805434126786,14.591978354195259
513,2017-05-09 06:00:00,14.494530036547607,14.602589506659221
514,2017-05-09 12:00:00,13.024669259819357,14.613166738928395
515,2017-05-09 18:00:00,8.75071931860658,14.623709748499248
516,2017-05-10 00:00:00,4.68684661144052,14.634218231492568
517,2017-05-10 06:00:00,11.137713392192524,14.644691882668923
518,2017-05-10 12:00:00,15.404184855817883,14.655130395444534
519,2017-05-10 18:00:00,10.871207645440697,14.665533461907682
520,2017-05-11 00:00:00,8.115048723675528,14.675900772835556
521,2017-05-11 06:00:00,19.375596385539428,14.686232017711617
522,2017-05-11 12:00:00,23.90245484152693,14.69652688474344
523,2017-05-11 18:00:00,18.774598732150093,14.706785060881039
524,2017-05-12 00:00:00,16.12415828900716,14.717006231835715
525,2017-05-12 06:00:00,19.039064894105355,14.727190082099371
526,2017-05-12 12:00:00,25.609927247055577,14.737336294964345
527,2017-05-12 18:00:00,20.47255307529477,14.747444552543756
528,2017-05-13 00:00:00,17.40773698764865,14.757514535792323
529,2017-05-13 06:00:00,18.222891044677862,14.767545924527735
530,2017-05-13 12:00:00,20.78936858036198,14.777538397452501
531,2017-05-13 18:00:00,16.31078029789332,14.787491632176312
532,2017-05-14 00:00:00,13.8581795800177,14.797405305238955
533,2017-05-14 06:00:00,20.931799585322477,14.807279092133689
534,2017-05-14 12:00:00,23.172963345953672,14.817112667331179
535,2017-05-14 18:00:00,16.116679811419733,14.826905704303934
536,2017-05-15 00:00:00,12.836347596936037,14.836657875551277
537,2017-05-15 06:00:00,21.022901039569273,14.846368852624815
538,2017-05-15 12:00:00,22.774564449023625,14.85603830615446
539,2017-05-15 18:00:00,16.55689019667946,14.865665905874948
540,2017-05-16 00:00:00,12.943765729555404,14.875251320652902
541,2017-05-16 06:00:00,20.832199861089965,14.884794218514417
542,2017-05-16 12:00:00,24.129188684745646,14.894294266673151
543,2017-05-16 18:00:00,17.73373062430046,14.90375113155898
544,2017-05-17 00:00:00,14.542120348467563,14.913164478847136
545,2017-05-17 06:00:00,20.778830725579713,14.922533973487896
546,2017-05-17 12:00:00,24.032648337707986,14.931859279736802
547,2017-05-17 18:00:00,16.67892535367424,14.941140061185374
548,2017-05-18 00:00:00,13.870077157997684,14.950375980792387
549,2017-05-18 06:00:00,21.636136201738026,14.95956670091563
550,2017-05-18 12:00:00,24.849162117934906,14.968711883344223
551,2017-05-18 18:00:00,17.47368356273775,14.97781118933143
552,2017-05-19 00:00:00,13.565839092509313,14.986864279628
553,2017-05-19 06:00:00,23.09749870848056,14.995870814516016
554,2017-05-19 12:00:00,27.392184428458467,15.004830453843278
555,2017-05-19 18:00:00,19.408229742284572,15.013742857058165
556,2017-05-20 00:00:00,14.26813612412831,15.022607683245049
557,2017-05-20 06:00:00,23.41873331394037,15.031424591160173
558,2017-05-20 12:00:00,25.865215277426284,15.040193239268067
559,2017-05-20 18:00:00,18.225610491073287,15.048913285778434
560,2017-05-21 00:00:00,14.307908027661407,15.05758438868357
561,2017-05-21 06:00:00,20.692488302524897,15.06620620579623
562,2017-05-21 12:00:00,25.004850424073094,15.074778394788039
563,2017-05-21 18:00:00,18.273200802993262,15.083300613228332
564,2017-05-22 00:00:00,15.32328132555394,15.091772518623511
565,2017-05-22 06:00:00,21.04839584952639,15.100193768456876
566,2017-05-22 12:00:00,24.877036443488038,15.108564020228895
567,2017-05-22 18:00:00,19.059800672870484,15.116882931497992
568,2017-05-23 00:00:00,15.317502501963654,15.125150159921734
569,2017-05-23 06:00:00,22.04371323025264,15.133365363298532
570,2017-05-23 12:00:00,21.790804715477936,15.14152819960974
571,2017-05-23 18:00:00,16.61909753297485,15.14963832706222
572,2017-05-24 00:00:00,15.183909697788314,15.157695404131355
573,2017-05-24 06:00:00,19.797450507630032,15.16569908960445
574,2017-05-24 12:00:00,20.347798471904554,15.173649042624598
575,2017-05-24 18:00:00,15.81686084632392,15.181544922734924
576,2017-05-25 00:00:00,12.945805314351995,15.189386389923259
577,2017-05-25 06:00:00,16.8043598186633,15.197173104667199
578,2017-05-25 12:00:00,19.132545863948167,15.204904727979558
579,2017-05-25 18:00:00,14.964314401357578,15.212580921454201
580,2017-05-26 00:00:00,12.467522679556273,15.220201347312253
581,2017-05-26 06:00:00,19.34194323639603,15.227765668448656
582,2017-05-26 12:00:00,22.668166108802552,15.235273548479107
583,2017-05-26 18:00:00,16.93931234603637,15.242724651787306
584,2017-05-27 00:00:00,13.141265524023282,15.250118643572575
585,2017-05-27 06:00:00,21.301644295100516,15.257455189897764
586,2017-05-27 12:00:00,24.096215397201075,15.2647339577375
587,2017-05-27 18:00:00,17.824492147747833,15.271954615026711
588,2017-05-28 00:00:00,13.313270508534032,15.279116830709484
589,2017-05-28 06:00:00,21.370310316585073,15.286220274788148
590,2017-05-28 12:00:00,25.314867313151762,15.293264618372664
591,2017-05-28 18:00:00,17.86426405128094,15.300249533730266
592,2017-05-29 00:00:00,13.98361404500676,15.307174694335334
593,2017-05-29 06:00:00,23.871181207979514,15.314039774919511
594,2017-05-29 12:00:00,27.64339328923604,15.320844451522031
595,2017-05-29 18:00:00,20.007187810877337,15.327588401540266
596,2017-05-30 00:00:00,14.7331614577463,15.334271303780445
597,2017-05-30 06:00:00,25.709526971288085,15.340892838508578
598,2017-05-30 12:00:00,30.051123141587123,15.347452687501528
599,2017-05-30 18:00:00,20.655435845387228,15.353950534098244
600,2017-05-31 00:00:00,16.441653655673246,15.360386063251125
601,2017-05-31 06:00:00,27.687244362362293,15.366758961577526
602,2017-05-31 12:00:00,31.746697969135784,15.373068917411338
603,2017-05-31 18:00:00,24.512630626500833,15.379315620854708
604,2017-06-01 00:00:00,20.239700477686323,15.385498763829798
605,2017-06-01 06:00:00,24.26992003570898,15.391618040130625
606,2017-06-01 12:00:00,26.46315355362078,15.397673145474963
607,2017-06-01 18:00:00,21.35875266940448,15.403663777556245
608,2017-06-02 00:00:00,18.659702121943297,15.409589636095514
609,2017-06-02 06:00:00,25.964135140059927,15.41545042289336
610,2017-06-02 12:00:00,28.813435100868464,15.42124584188183
611,2017-06-02 18:00:00,20.757755016015153,15.426975599176336
612,2017-06-03 00:00:00,16.95902833240322,15.43263940312749
613,2017-06-03 06:00:00,26.211604762043777,15.438236964372875
614,2017-06-03 12:00:00,29.329789985200136,15.443767995888745
615,2017-06-03 18:00:00,22.644710883641988,15.449232213041626
616,2017-06-04 00:00:00,18.289177550566382,15.454629333639781
617,2017-06-04 06:00:00,26.98426746914444,15.459959077984568
618,2017-06-04 12:00:00,30.471957471279428,15.46522116892162
619,2017-06-04 18:00:00,24.6428241226819,15.470415331891871
620,2017-06-05 00:00:00,19.633943793104986,15.475541294982412
621,2017-06-05 06:00:00,24.038767092097697,15.480598788977089
622,2017-06-05 12:00:00,27.252132939093986,15.485587547406942
623,2017-06-05 18:00:00,21.91487945726929,15.490507306600358
624,2017-06-06 00:00:00,19.41162905027885,15.495357805732986
625,2017-06-06 06:00:00,27.205562419572317,15.50013878687737
626,2017-06-06 12:00:00,30.893471662570608,15.504849995052286
627,2017-06-06 18:00:00,25.116687657085027,15.509491178271773
628,2017-06-07 00:00:00,20.124803867479546,15.514062087593814
629,2017-06-07 06:00:00,21.436256891674162,15.518562477168697
630,2017-06-07 12:00:00,22.139573715691444,15.522992104286987
631,2017-06-07 18:00:00,16.355991094217302,15.5273507294271
632,2017-06-08 00:00:00,13.528786635371622,15.531638116302515
633,2017-06-08 06:00:00,19.75087998810834,15.535854031908523
634,2017-06-08 12:00:00,23.688298437887056,15.539998246568548
635,2017-06-08 18:00:00,17.001179751532334,15.544070533980024
636,2017-06-09 00:00:00,12.768701367849795,15.548070671259767
637,2017-06-09 06:00:00,22.682783133177963,15.551998438988882
638,2017-06-09 12:00:00,26.112005037811258,15.555853621257134
639,2017-06-09 18:00:00,18.052245783364828,15.559636005706801
640,2017-06-10 00:00:00,15.00306651249243,15.56334538357597
641,2017-06-10 06:00:00,24.485776093345986,15.566981549741278
642,2017-06-10 12:00:00,26.35029652821056,15.57054430276007
643,2017-06-10 18:00:00,18.5301884873611,15.574033444911928
644,2017-06-11 00:00:00,14.552658203249857,15.577448782239632
645,2017-06-11 06:00:00,21.2700307307537,15.58079012458944
646,2017-06-11 12:00:00,25.65547797417898,15.584057285650738
647,2017-06-11 18:00:00,18.929267245890003,15.587250082995027
648,2017-06-12 00:00:00,15.194787483370021,15.59036833811421
649,2017-06-12 06:00:00,25.72652351125952,15.59341187645818
650,2017-06-12 12:00:00,30.420287989766326,15.596380527471714
651,2017-06-12 18:00:00,22.87824334284927,15.599274124630591
652,2017-06-13 00:00:00,19.41298877347656,15.60209250547701
653,2017-06-13 06:00:00,27.061431760614692,15.604835511654208
654,2017-06-13 12:00:00,29.792435803222133,15.607502988940315
655,2017-06-13 18:00:00,23.36910341722383,15.610094787281415
656,2017-06-14 00:00:00,19.188294515054412,15.6126107608238
657,2017-06-14 06:00:00,23.612153938815112,15.615050767945393
658,2017-06-14 12:00:00,26.58960781100812,15.617414671286346
659,2017-06-14 18:00:00,20.005148226080763,15.619702337778781
660,2017-06-15 00:00:00,14.430962977054492,15.62191363867568
661,2017-06-15 06:00:00,24.880095820682897,15.624048449578881
662,2017-06-15 12:00:00,29.337608393586986,15.626106650466204
663,2017-06-15 18:00:00,21.44577495405815,15.628088125717666
664,2017-06-16 00:00:00,15.637037453426322,15.629992764140786
665,2017-06-16 06:00:00,26.616122413363524,15.631820458994978
666,2017-06-16 12:00:00,29.11631344315914,15.633571108014989
667,2017-06-16 18:00:00,21.978446516762403,15.635244613433407
668,2017-06-17 00:00:00,17.908455055206634,15.636840882002216
669,2017-06-17 06:00:00,21.303683879897097,15.638359825013373
670,2017-06-17 12:00:00,22.200761259588546,15.639801358318419
671,2017-06-17 18:00:00,16.546692272696617,15.641165402347113
672,2017-06-18 00:00:00,13.80515037530688,15.642451882125057
673,2017-06-18 06:00:00,17.221454909561913,15.643660727290342
674,2017-06-18 12:00:00,19.918125941427093,15.644791872109169
675,2017-06-18 18:00:00,19.156680950707578,15.645845255490457
676,2017-06-19 00:00:00,16.439614070876683,15.64682082099945
677,2017-06-19 06:00:00,25.028985510832513,15.647718516870265
678,2017-06-19 12:00:00,29.664281891837646,15.648538296017433
679,2017-06-19 18:00:00,23.168884176360507,15.649280116046382
680,2017-06-20 00:00:00,17.583141280153683,15.649943939262892
681,2017-06-20 06:00:00,27.973466095480983,15.65052973268149
682,2017-06-20 12:00:00,32.298405656608026,15.651037468032795
683,2017-06-20 18:00:00,24.11049249077708,15.651467121769814
684,2017-06-21 00:00:00,18.914990152314022,15.651818675073176
685,2017-06-21 06:00:00,29.614312064321684,15.652092113855304
686,2017-06-21 12:00:00,33.02449784418699,15.652287428763513
687,2017-06-21 18:00:00,24.27093982810726,15.652404615182077
688,2017-06-22 00:00:00,19.28585465449035,15.652443673233192
689,2017-06-22 06:00:00,29.76456147766902,15.652404607776893
690,2017-06-22 12:00:00,34.45084747858841,15.652287428409913
691,2017-06-22 18:00:00,26.62360089095094,15.652092149463453
692,2017-06-23 00:00:00,22.60969801130088,15.651818789999913
693,2017-06-23 06:00:00,31.405407446509724,15.651467373808542
694,2017-06-23 12:00:00,34.81797274197103,15.651037929400038
695,2017-06-23 18:00:00,22.395541607661016,15.650530490000087
696,2017-06-24 00:00:00,21.008284015193862,15.649945093541843
697,2017-06-24 06:00:00,28.707036760647384,15.649281782657374
698,2017-06-24 12:00:00,32.79572441617173,15.648540604668023
699,2017-06-24 18:00:00,25.513726830817358,15.647721611573774
700,2017-06-25 00:00:00,21.554212879075795,15.64682486004154
701,2017-06-25 06:00:00,30.724186124455287,15.645850411392452
702,2017-06-25 12:00:00,35.18033897416168,15.644798331588074
703,2017-06-25 18:00:00,25.21492765811982,15.643668691215666
704,2017-06-26 00:00:00,20.251937986465748,15.642461565472361
705,2017-06-26 06:00:00,23.294318641349587,15.64117703414839
706,2017-06-26 12:00:00,28.82533267884844,15.639815181609281
707,2017-06-26 18:00:00,22.715076559123656,15.638376096777082
708,2017-06-27 00:00:00,18.554663504919933,15.636859873110579
709,2017-06-27 06:00:00,28.626473161182872,15.635266608584576
710,2017-06-27 12:00:00,32.54927458658616,15.633596405668186
711,2017-06-27 18:00:00,25.886630917790274,15.631849371302176
712,2017-06-28 00:00:00,22.52301565744665,15.630025616875368
713,2017-06-28 06:00:00,30.874775468602035,15.628125258200111
714,2017-06-28 12:00:00,34.26150602330682,15.62614841548683
715,2017-06-28 18:00:00,26.936677157224484,15.624095213317666
716,2017-06-29 00:00:00,25.32302565233805,15.621965780619213
717,2017-06-29 06:00:00,30.369638300651502,15.619760250634378
718,2017-06-29 12:00:00,31.34252024861546,15.617478760893361
719,2017-06-29 18:00:00,24.036727507301123,15.615121453183779
720,2017-06-30 00:00:00,19.709408430578083,15.612688473519933
721,2017-06-30 06:00:00,30.725545847652995,15.610179972111267
722,2017-06-30 12:00:00,32.52887873862044,15.607596103329973
723,2017-06-30 18:00:00,23.367063832427238,15.604937025677815
724,2017-07-01 00:00:00,19.72606503975008,15.602202901752165
725,2017-07-01 06:00:00,22.712357112728228,15.599393898211229
726,2017-07-01 12:00:00,26.865291689344513,15.596510185738563
727,2017-07-01 18:00:00,20.716283458484895,15.593551939006804
728,2017-07-02 00:00:00,17.075284665807725,15.590519336640682
729,2017-07-02 06:00:00,25.866914931423434,15.587412561179327
730,2017-07-02 12:00:00,27.634895019250354,15.584231799037866
731,2017-07-02 18:00:00,21.128279587392075,15.580977240468345
732,2017-07-03 00:00:00,18.205894504706446,15.577649079519983
733,2017-07-03 06:00:00,23.332390890885573,15.574247513998774
734,2017-07-03 12:00:00,25.267956862830648,15.57077274542647
735,2017-07-03 18:00:00,19.234185172977238,15.567224978998944
736,2017-07-04 00:00:00,14.363996609567105,15.56360442354392
737,2017-07-04 06:00:00,23.651245980749355,15.559911291478203
738,2017-07-04 12:00:00,28.49254042620808,15.556145798764252
739,2017-07-04 18:00:00,20.889648166193364,15.552308164866295
740,2017-07-05 00:00:00,16.963787363595213,15.548398612705839
741,2017-07-05 06:00:00,26.931578195233044,15.544417368616731
742,2017-07-05 12:00:00,31.32484384704519,15.540364662299691
743,2017-07-05 18:00:00,23.19675850191365,15.536240726776395
744,2017-07-06 00:00:00,18.208953881901294,15.532045798343074
745,2017-07-06 06:00:00,29.812151789588977,15.527780116523713
746,2017-07-06 12:00:00,33.3120793005034,15.523443924022793
747,2017-07-06 18:00:00,24.556481699627085,15.519037466677656
748,2017-07-07 00:00:00,19.495252026938203,15.514560993410484
749,2017-07-07 06:00:00,30.144944042229344,15.510014756179904
750,2017-07-07 12:00:00,35.691254965702484,15.505399009932262
751,2017-07-07 18:00:00,26.503945249552185,15.500714012552537
752,2017-07-08 00:00:00,19.645501440285546,15.495960024815
753,2017-07-08 06:00:00,28.738990255793652,15.49113731033352
754,2017-07-08 12:00:00,33.374626567598206,15.48624613551165
755,2017-07-08 18:00:00,26.051837286312445,15.481286769492403
756,2017-07-09 00:00:00,20.99502671401615,15.476259484107855
757,2017-07-09 06:00:00,30.587533943085088,15.471164553828462
758,2017-07-09 12:00:00,34.562344780800906,15.466002255712235
759,2017-07-09 18:00:00,27.56792865176295,15.460772869353685
760,2017-07-10 00:00:00,23.486039612227188,15.455476676832623
761,2017-07-10 06:00:00,32.83617618130369,15.450113962662819
762,2017-07-10 12:00:00,37.449037129546554,15.444685013740507
763,2017-07-10 18:00:00,31.337761217423473,15.439190119292801
764,2017-07-11 00:00:00,25.089153262331337,15.433629570825996
765,2017-07-11 06:00:00,33.059510716528116,15.428003662073797
766,2017-07-11 12:00:00,36.41836694567976,15.422312688945485
767,2017-07-11 18:00:00,27.439434809579023,15.416556949474035
768,2017-07-12 00:00:00,22.55190977539804,15.410736743764218
769,2017-07-12 06:00:00,27.380966712077356,15.404852373940663
770,2017-07-12 12:00:00,31.371754297366305,15.398904144095948
771,2017-07-12 18:00:00,25.3308440607249,15.392892360238696
772,2017-07-13 00:00:00,21.38594713335877,15.386817330241723
773,2017-07-13 06:00:00,25.490611536456232,15.380679363790208
774,2017-07-13 12:00:00,27.176668301620897,15.374478772329958
775,2017-07-13 18:00:00,18.905132159130584,15.368215869015748
776,2017-07-14 00:00:00,12.849264967314326,15.361890968659736
777,2017-07-14 06:00:00,22.6868623027711,15.355504387680025
778,2017-07-14 12:00:00,27.050214044233552,15.349056444049323
779,2017-07-14 18:00:00,20.36445508107654,15.342547457243755
780,2017-07-15 00:00:00,14.889189694683921,15.335977748191832
781,2017-07-15 06:00:00,22.94724929513322,15.329347639223572
782,2017-07-15 12:00:00,23.900755187529768,15.322657454019836
783,2017-07-15 18:00:00,17.044350963059742,15.315907517561817
784,2017-07-16 00:00:00,13.252082964636932,15.30909815608077
785,2017-07-16 06:00:00,20.7043858805049,15.302229697007952
786,2017-07-16 12:00:00,24.86275934991205,15.295302468924797
787,2017-07-16 18:00:00,18.690295893891847,15.288316801513327
788,2017-07-17 00:00:00,14.095451278018706,15.281273025506842
789,2017-07-17 06:00:00,23.503376082998027,15.274171472640859
790,2017-07-17 12:00:00,28.11181793084832,15.267012475604357
791,2017-07-17 18:00:00,20.104747950313264,15.25979636799128
792,2017-07-18 00:00:00,15.711822229300557,15.252523484252377
793,2017-07-18 06:00:00,26.530119921108156,15.245194159647335
794,2017-07-18 12:00:00,31.232042738801255,15.237808730197262
795,2017-07-18 18:00:00,22.70147932714652,15.230367532637464
796,2017-07-19 00:00:00,17.18372259082535,15.22287090437061
797,2017-07-19 06:00:00,29.159144723887096,15.215319183420226
798,2017-07-19 12:00:00,34.06298643644063,15.207712708384555
799,2017-07-19 18:00:00,26.124582477390124,15.200051818390804
800,2017-07-20 00:00:00,21.055194465514973,15.192336853049758
801,2017-07-20 06:00:00,30.262220168032133,15.184568152410787
802,2017-07-20 12:00:00,34.92913011338411,15.176746056917258
803,2017-07-20 18:00:00,27.37484795768763,15.168870907362347
804,2017-07-21 00:00:00,21.57596845023923,15.160943044845267
805,2017-07-21 06:00:00,30.58005546549766,15.152962810727912
806,2017-07-21 12:00:00,34.21765495018055,15.144930546591942
807,2017-07-21 18:00:00,26.914921586061052,15.136846594196287
808,2017-07-22 00:00:00,21.466850663622722,15.128711295435114
809,2017-07-22 06:00:00,29.502134900510317,15.120524992296211
810,2017-07-22 12:00:00,34.2791824248771,15.112288026819854
811,2017-07-22 18:00:00,27.782424986202226,15.104000741058123
812,2017-07-23 00:00:00,22.7011393963471,15.095663477034673
813,2017-07-23 06:00:00,30.30981047995211,15.087276576704996
814,2017-07-23 12:00:00,35.38463738461811,15.078840381917141
815,2017-07-23 18:00:00,26.663372794484076,15.07035523437292
816,2017-07-24 00:00:00,22.215038353164545,15.061821475589598
817,2017-07-24 06:00:00,29.350865694764696,15.053239446862072
818,2017-07-24 12:00:00,34.3512477543559,15.044609489225545
819,2017-07-24 18:00:00,25.28257388720607,15.035931943418683
820,2017-07-25 00:00:00,19.681874035824382,15.027207149847301
821,2017-07-25 06:00:00,17.73712993229475,15.018435448548514
822,2017-07-25 12:00:00,23.085261199701147,15.009617179155416
823,2017-07-25 18:00:00,18.246006339038995,15.00075268086227
824,2017-07-26 00:00:00,15.034680076839257,14.991842292390196
825,2017-07-26 06:00:00,21.454613154843287,14.98288635195338
826,2017-07-26 12:00:00,25.69457001611325,14.9738851972258
827,2017-07-26 18:00:00,19.243363304561797,14.964839165308451
828,2017-07-27 00:00:00,15.568371431941785,14.955748592697123
829,2017-07-27 06:00:00,19.589072927580446,14.946613815250666
830,2017-07-27 12:00:00,20.840018269476825,14.937435168159784
831,2017-07-27 18:00:00,17.41419567283778,14.928212985916366
832,2017-07-28 00:00:00,14.940519245397601,14.918947602283323
833,2017-07-28 06:00:00,23.509154906588304,14.909639350264953
834,2017-07-28 12:00:00,28.415716065537282,14.900288562077835
835,2017-07-28 18:00:00,22.05017191544178,14.890895569122234
836,2017-07-29 00:00:00,19.040764548102505,14.881460701954042
837,2017-07-29 06:00:00,25.6748540297464,14.871984290257243
838,2017-07-29 12:00:00,30.243184043264137,14.862466662816887
839,2017-07-29 18:00:00,22.498200709088348,14.8529081474926
840,2017-07-30 00:00:00,17.708575745142753,14.84330907119261
841,2017-07-30 06:00:00,29.33692853198812,14.833669759848291
842,2017-07-30 12:00:00,35.32922866431128,14.823990538389241
843,2017-07-30 18:00:00,27.073329338594675,14.814271730718852
844,2017-07-31 00:00:00,21.80882104784764,14.804513659690425
845,2017-07-31 06:00:00,29.29783649005388,14.794716647083785
846,2017-07-31 12:00:00,34.51135516088666,14.784881013582407
847,2017-07-31 18:00:00,27.800441318571956,14.775007078751063
848,2017-08-01 00:00:00,23.42247255273408,14.765095161013983
849,2017-08-01 06:00:00,31.994167591119634,14.755145577633504
850,2017-08-01 12:00:00,36.720565426371564,14.745158644689244
851,2017-08-01 18:00:00,29.20639510500764,14.73513467705777
852,2017-08-02 00:00:00,23.389499265189528,14.72507398839277
853,2017-08-02 06:00:00,32.02476136306817,14.714976891105714
854,2017-08-02 12:00:00,38.282547449744904,14.704843696347028
855,2017-08-02 18:00:00,30.046704041194555,14.694674713987753
856,2017-08-03 00:00:00,23.998655257765137,14.68447025260167
857,2017-08-03 06:00:00,31.4495984504354,14.674230619447954
858,2017-08-03 12:00:00,37.55475560816877,14.663956120454278
859,2017-08-03 18:00:00,28.63735094676456,14.653647060200417
860,2017-08-04 00:00:00,23.596177191241974,14.643303741902303
861,2017-08-04 06:00:00,34.16598546866745,14.63292646739659
862,2017-08-04 12:00:00,39.82073431715822,14.622515537125654
863,2017-08-04 18:00:00,30.896531039765467,14.612071250123083
864,2017-08-05 00:00:00,24.9113694542303,14.60159390399961
865,2017-08-05 06:00:00,33.805318890473934,14.591083794929528
866,2017-08-05 12:00:00,38.75097209135717,14.580541217637531
867,2017-08-05 18:00:00,30.67455622773873,14.569966465386033
868,2017-08-06 00:00:00,25.54636018756248,14.559359829962911
869,2017-08-06 06:00:00,33.24749244861201,14.548721601669715
870,2017-08-06 12:00:00,36.216787981618744,14.538052069310293
871,2017-08-06 18:00:00,24.32736834081237,14.52735152017986
872,2017-08-07 00:00:00,19.95959749895735,14.516620240054504
873,2017-08-07 06:00:00,20.16695528660866,14.50585851318111
874,2017-08-07 12:00:00,24.081938303625083,14.495066622267709
875,2017-08-07 18:00:00,20.94063778610762,14.48424484847424
876,2017-08-08 00:00:00,17.65792605602793,14.47339347140373
877,2017-08-08 06:00:00,23.503036152198604,14.462512769093886
878,2017-08-08 12:00:00,30.251002451651004,14.451603018009079
879,2017-08-08 18:00:00,25.305689181567203,14.440664493032742
880,2017-08-09 00:00:00,23.18724043952967,14.42969746746015
881,2017-08-09 06:00:00,31.25039900197039,14.4187022129916
882,2017-08-09 12:00:00,37.819561700923465,14.407678999725977
883,2017-08-09 18:00:00,29.514372409289734,14.3966280961547
884,2017-08-10 00:00:00,25.21492765811983,14.385549769156029
885,2017-08-10 06:00:00,33.05441175453671,14.374444283989781
886,2017-08-10 12:00:00,38.57012890606129,14.363311904292381
887,2017-08-10 18:00:00,30.34482335229323,14.35215289207228
888,2017-08-11 00:00:00,25.288012779996944,14.340967507705752
889,2017-08-11 06:00:00,32.42621963719308,14.329756009933025
890,2017-08-11 12:00:00,37.732879347069236,14.318518655854763
891,2017-08-11 18:00:00,28.995638009362068,14.30725570092891
892,2017-08-12 00:00:00,21.982525686355547,14.29596739896784
893,2017-08-12 06:00:00,25.32948433752719,14.284654002135886
894,2017-08-12 12:00:00,26.229281163614058,14.273315760947161
895,2017-08-12 18:00:00,18.017232911023722,14.261952924263726
896,2017-08-13 00:00:00,16.772406323517043,14.250565739294071
897,2017-08-13 06:00:00,16.700340994038225,14.239154451591917
898,2017-08-13 12:00:00,19.205970916624683,14.227719305055329
899,2017-08-13 18:00:00,17.82755152494268,14.216260541926133
900,2017-08-14 00:00:00,15.512622780835548,14.20477840278964
901,2017-08-14 06:00:00,22.18512444281484,14.193273126574663
902,2017-08-14 12:00:00,26.690567258438353,14.181744950553844
903,2017-08-14 18:00:00,20.791748095957995,14.170194110344234
904,2017-08-15 00:00:00,16.365169225801868,14.158620839908203
905,2017-08-15 06:00:00,24.68803491900586,14.147025371554598
906,2017-08-15 12:00:00,30.352981691479517,14.13540793594019
907,2017-08-15 18:00:00,22.656268530822548,14.123768762071384
908,2017-08-16 00:00:00,17.179303490432783,14.112108077306207
909,2017-08-16 06:00:00,27.07434913099296,14.100426107356547
910,2017-08-16 12:00:00,32.022041916672755,14.088723076290663
911,2017-08-16 18:00:00,24.165561280284475,14.076999206535922
912,2017-08-17 00:00:00,17.935309588361463,14.065254718881832
913,2017-08-17 06:00:00,28.109438415252328,14.053489832483269
914,2017-08-17 12:00:00,33.127836807213235,14.04170476486398
915,2017-08-17 18:00:00,24.36646038274664,14.029899731920308
916,2017-08-18 00:00:00,19.748160541712924,14.018074947925147
917,2017-08-18 06:00:00,29.372961196727527,14.006230625532144
918,2017-08-18 12:00:00,35.27619945960046,13.994366975780098
919,2017-08-18 18:00:00,27.40850110683105,13.982484208097599
920,2017-08-19 00:00:00,21.724858140388847,13.970582530307881
921,2017-08-19 06:00:00,31.63146142812957,13.958662148633877
922,2017-08-19 12:00:00,36.81710577340923,13.94672326770349
923,2017-08-19 18:00:00,27.679765884774866,13.934766090555069
924,2017-08-20 00:00:00,19.960957222155077,13.922790818643085
925,2017-08-20 06:00:00,19.154641365911004,13.910797651843996
926,2017-08-20 12:00:00,19.220248010200674,13.89878678846232
927,2017-08-20 18:00:00,17.021575599498032,13.88675842523688
928,2017-08-21 00:00:00,14.176354808282648,13.87471275734724
929,2017-08-21 06:00:00,19.816826563197452,13.862649978420338
930,2017-08-21 12:00:00,23.369443348023253,13.850570280537271
931,2017-08-21 18:00:00,16.45695054164752,13.838473854240272
932,2017-08-22 00:00:00,12.0602855818411,13.826360888539861
933,2017-08-22 06:00:00,19.855918605131706,13.814231570922141
934,2017-08-22 12:00:00,23.98675767978516,13.802086087356285
935,2017-08-22 18:00:00,14.68149197623319,13.78992462230217
936,2017-08-23 00:00:00,10.619658853863692,13.777747358718166
937,2017-08-23 06:00:00,20.815543251917973,13.765554478069086
938,2017-08-23 12:00:00,25.29243188038949,13.753346160334281
939,2017-08-23 18:00:00,15.926658494539291,13.741122584015894
940,2017-08-24 00:00:00,11.844089593404666,13.728883926147237
941,2017-08-24 06:00:00,24.104713667186786,13.716630362301327
942,2017-08-24 12:00:00,30.231286465284153,13.704362066599566
943,2017-08-24 18:00:00,21.42299959049645,13.69207921172052
944,2017-08-25 00:00:00,16.076567977087194,13.67978196890888
945,2017-08-25 06:00:00,27.704920763932574,13.66747050798452
946,2017-08-25 12:00:00,34.94816623815209,13.655144997351675
947,2017-08-25 18:00:00,24.992612915293677,13.642805604008277
948,2017-08-26 00:00:00,18.851763023620332,13.630452493555376
949,2017-08-26 06:00:00,30.156161758610484,13.618085830206699
950,2017-08-26 12:00:00,37.54047851459279,13.605705776798315
951,2017-08-26 18:00:00,26.29114856911002,13.59331249479842
952,2017-08-27 00:00:00,19.122687870764747,13.580906144317227
953,2017-08-27 06:00:00,30.20069269333561,13.568486884116965
954,2017-08-27 12:00:00,36.75591822951211,13.556054871621972
955,2017-08-27 18:00:00,26.448876460044772,13.543610262928915
956,2017-08-28 00:00:00,21.674548382073443,13.531153212817083
957,2017-08-28 06:00:00,26.265993689952325,13.518683874758796
958,2017-08-28 12:00:00,29.520831094478865,13.506202400929896
959,2017-08-28 18:00:00,21.82853703421449,13.493708942220344
960,2017-08-29 00:00:00,16.615698224980566,13.481203648244893
961,2017-08-29 06:00:00,22.934331924754957,13.468686667353865
962,2017-08-29 12:00:00,27.529856402226972,13.456158146643993
963,2017-08-29 18:00:00,18.185498656740748,13.443618231969369
964,2017-08-30 00:00:00,12.570181780983631,13.431067067952464
965,2017-08-30 06:00:00,23.783139130927566,13.418504797995226
966,2017-08-30 12:00:00,30.130666948653367,13.40593156429025
967,2017-08-30 18:00:00,21.319320696670804,13.393347507832049
968,2017-08-31 00:00:00,16.041215173946643,13.380752768428358
969,2017-08-31 06:00:00,26.704844352014334,13.368147484711557
970,2017-08-31 12:00:00,33.7210160522157,13.35553179415012
971,2017-08-31 18:00:00,24.165901211083906,13.34290583306017
972,2017-09-01 00:00:00,18.510132570194827,13.330269736617069
973,2017-09-01 06:00:00,28.242011427029382,13.317623638867095
974,2017-09-01 12:00:00,32.27970946263946,13.30496767273917
975,2017-09-01 18:00:00,23.74200750419675,13.292301970056654
976,2017-09-02 00:00:00,19.013570084148228,13.279626661549202
977,2017-09-02 06:00:00,23.293978710550153,13.266941876864676
978,2017-09-02 12:00:00,28.401099041161853,13.254247744581102
979,2017-09-02 18:00:00,17.773162597034144,13.241544392218715
980,2017-09-03 00:00:00,14.498949136940174,13.228831946252017
981,2017-09-03 06:00:00,16.049713443932358,13.216110532121915
982,2017-09-03 12:00:00,15.934136972126709,13.203380274247907
983,2017-09-03 18:00:00,14.252499307354602,13.190641296040303
984,2017-09-04 00:00:00,14.109728371594693,13.177893719912511
985,2017-09-04 06:00:00,17.787779621409566,13.165137667293363
986,2017-09-04 12:00:00,21.753412327540815,13.152373258639491
987,2017-09-04 18:00:00,13.109991890475877,13.13960061344773
988,2017-09-05 00:00:00,9.71408320418655,13.126819850267598
989,2017-09-05 06:00:00,19.078836797638456,13.114031086713783
990,2017-09-05 12:00:00,22.801418982178472,13.101234439478697
991,2017-09-05 18:00:00,16.192484379692257,13.088430024345058
992,2017-09-06 00:00:00,13.464879645079085,13.075617956198514
993,2017-09-06 06:00:00,21.712960562408842,13.062798349040298
994,2017-09-06 12:00:00,26.63651826132923,13.049971315999947
995,2017-09-06 18:00:00,19.57411597240561,13.037136969348012
996,2017-09-07 00:00:00,17.0151169143089,13.024295420508844
997,2017-09-07 06:00:00,20.501447193246168,13.011446780073404
998,2017-09-07 12:00:00,20.761494254808866,12.998591157812085
999,2017-09-07 18:00:00,15.739016693254825,12.985728662687599
1000,2017-09-08 00:00:00,13.151803378805567,12.972859402867872
1001,2017-09-08 06:00:00,18.90615195152887,12.959983485738992
1002,2017-09-08 12:00:00,24.615969589527054,12.94710101791815
1003,2017-09-08 18:00:00,17.845907788111816,12.934212105266665
1004,2017-09-09 00:00:00,14.669254467453774,12.921316852902986
1005,2017-09-09 06:00:00,21.310822426685093,12.908415365215758
1006,2017-09-09 12:00:00,24.897772222253156,12.895507745876895
1007,2017-09-09 18:00:00,19.330045658416044,12.882594097854692
1008,2017-09-10 00:00:00,16.306361197500774,12.869674523426964
1009,2017-09-10 06:00:00,25.939660122501095,12.856749124194199
1010,2017-09-10 12:00:00,30.64872148698218,12.843818001092746
1011,2017-09-10 18:00:00,23.366723901627818,12.830881254408036
1012,2017-09-11 00:00:00,19.4303252442474,12.817938983787801
1013,2017-09-11 06:00:00,28.017317168607235,12.804991288255357
1014,2017-09-11 12:00:00,31.300708760285772,12.79203826622286
1015,2017-09-11 18:00:00,21.331218274650798,12.779080015504643
1016,2017-09-12 00:00:00,15.726439253675977,12.766116633330524
1017,2017-09-12 06:00:00,19.01764925374137,12.753148216359172
1018,2017-09-12 12:00:00,22.190563335605685,12.740174860691473
1019,2017-09-12 18:00:00,16.146253790969997,12.727196661883927
1020,2017-09-13 00:00:00,14.442180693435622,12.714213714962078
1021,2017-09-13 06:00:00,19.090054514019613,12.701226114433942
1022,2017-09-13 12:00:00,22.752129016261335,12.688233954303467
1023,2017-09-13 18:00:00,15.748194824839393,12.675237328084021
1024,2017-09-14 00:00:00,13.098434243295316,12.662236328811895
1025,2017-09-14 06:00:00,23.26916376219188,12.64923104905981
1026,2017-09-14 12:00:00,28.953146659433514,12.63622158095048
1027,2017-09-14 18:00:00,20.034722205631027,12.623208016170153
1028,2017-09-15 00:00:00,15.070032879979815,12.610190445982209
1029,2017-09-15 06:00:00,18.0865787941071,12.59716896124075
1030,2017-09-15 12:00:00,22.41831697122269,12.584143652404226
1031,2017-09-15 18:00:00,15.880767836616457,12.571114609549074
1032,2017-09-16 00:00:00,12.639867594866454,12.558081922383375
1033,2017-09-16 06:00:00,22.954387841921232,12.54504568026053
1034,2017-09-16 12:00:00,31.26977505753778,12.532005972192959
1035,2017-09-16 18:00:00,24.08159837282567,12.518962886865818
1036,2017-09-17 00:00:00,20.261116118050314,12.50591651265073
1037,2017-09-17 06:00:00,25.0850740927382,12.492866937619537
1038,2017-09-17 12:00:00,22.15657025566286,12.479814249558078
1039,2017-09-17 18:00:00,14.828342081586243,12.466758535979979
1040,2017-09-18 00:00:00,10.96502854608292,12.453699884140448
1041,2017-09-18 06:00:00,17.616114567698247,12.440638381050123
1042,2017-09-18 12:00:00,23.51357400698088,12.4275741134889
1043,2017-09-18 18:00:00,16.023878703175797,12.414507168019822
1044,2017-09-19 00:00:00,11.995698729949709,12.40143763100293
1045,2017-09-19 06:00:00,18.84870364642549,12.388365588609195
1046,2017-09-19 12:00:00,21.194906024080023,12.375291126834428
1047,2017-09-19 18:00:00,15.274331290436246,12.362214331513213
1048,2017-09-20 00:00:00,12.02153347070626,12.349135288332883
1049,2017-09-20 06:00:00,13.353042412067149,12.336054082847477
1050,2017-09-20 12:00:00,13.703511066277807,12.322970800491758
1051,2017-09-20 18:00:00,12.064024820634813,12.309885526595211
1052,2017-09-21 00:00:00,11.7257936752036,12.296798346396097
1053,2017-09-21 06:00:00,11.697239488051613,12.283709345055481
1054,2017-09-21 12:00:00,12.108555755359921,12.270618607671338
1055,2017-09-21 18:00:00,11.34779062623926,12.257526219292616
1056,2017-09-22 00:00:00,11.22065650725304,12.244432264933367
1057,2017-09-22 06:00:00,13.926505670702815,12.231336829586876
1058,2017-09-22 12:00:00,16.443353309670396,12.218239998239806
1059,2017-09-22 18:00:00,13.075658879733615,12.20514185588637
1060,2017-09-23 00:00:00,11.00717996521204,12.192042487542532
1061,2017-09-23 06:00:00,16.462729365237806,12.178941978260207
1062,2017-09-23 12:00:00,19.196452854240693,12.165840413141499
1063,2017-09-23 18:00:00,12.483839357928835,12.152737877352948
1064,2017-09-24 00:00:00,10.957210137696071,12.139634456139799
1065,2017-09-24 06:00:00,15.962011297679842,12.126530234840303
1066,2017-09-24 12:00:00,18.95612177904485,12.113425298900017
1067,2017-09-24 18:00:00,12.923709812389129,12.100319733886144
1068,2017-09-25 00:00:00,10.158372759039423,12.087213625501887
1069,2017-09-25 06:00:00,13.405731685978566,12.074107059600815
1070,2017-09-25 12:00:00,16.40528106013441,12.061000122201262
1071,2017-09-25 18:00:00,14.917743881835898,12.047892899500743
1072,2017-09-26 00:00:00,13.050504000575918,12.034785477890384
1073,2017-09-26 06:00:00,18.25178516262926,12.021677943969387
1074,2017-09-26 12:00:00,21.152414674151487,12.008570384559498
1075,2017-09-26 18:00:00,16.62895552615829,11.995462886719512
1076,2017-09-27 00:00:00,15.503104718451548,11.982355537759789
1077,2017-09-27 06:00:00,17.1759041824385,11.9692484252568
1078,2017-09-27 12:00:00,18.516591255383958,11.956141637067683
1079,2017-09-27 18:00:00,13.881294874378824,11.94303526134482
1080,2017-09-28 00:00:00,13.050164069776486,11.929929386550455
1081,2017-09-28 06:00:00,16.647311789327404,11.91682410147131
1082,2017-09-28 12:00:00,18.901052989537448,11.903719495233227
1083,2017-09-28 18:00:00,12.878159085265736,11.89061565731585
1084,2017-09-29 00:00:00,10.7287766404802,11.87751267756729
1085,2017-09-29 06:00:00,15.254955234868836,11.864410646218857
1086,2017-09-29 12:00:00,17.898597062023185,11.851309653899774
1087,2017-09-29 18:00:00,11.702338450043024,11.83820979165193
1088,2017-09-30 00:00:00,9.453696211824422,11.825111150944663
1089,2017-09-30 06:00:00,14.834120905176539,11.812013823689531
1090,2017-09-30 12:00:00,17.763304603850724,11.798917902255145
1091,2017-09-30 18:00:00,9.765752685699661,11.785823479481987
1092,2017-10-01 00:00:00,7.018431964719639,11.77273064869727
1093,2017-10-01 06:00:00,14.02848491053131,11.75963950372981
1094,2017-10-01 12:00:00,18.671259769123868,11.746550138924919
1095,2017-10-01 18:00:00,10.500003212464918,11.733462649159312
1096,2017-10-02 00:00:00,6.948746150836835,11.720377129856045
1097,2017-10-02 06:00:00,14.701887824198886,11.707293676999466
1098,2017-10-02 12:00:00,20.41000580819994,11.694212387150184
1099,2017-10-02 18:00:00,12.459364340369993,11.681133357460054
1100,2017-10-03 00:00:00,8.717746031062026,11.668056685687187
1101,2017-10-03 06:00:00,18.07774059332195,11.654982470210975
1102,2017-10-03 12:00:00,24.3865162999129,11.641910810047134
1103,2017-10-03 18:00:00,17.09500065217456,11.628841804862763
1104,2017-10-04 00:00:00,13.1891957667427,11.615775554991421
1105,2017-10-04 06:00:00,16.417518568913835,11.602712161448222
1106,2017-10-04 12:00:00,20.26009632565204,11.589651725944938
1107,2017-10-04 18:00:00,11.973943158786293,11.576594350905134
1108,2017-10-05 00:00:00,9.841557253972192,11.563540139479306
1109,2017-10-05 06:00:00,18.59273575445592,11.55048919556002
1110,2017-10-05 12:00:00,23.410235043954657,11.537441623797104
1111,2017-10-05 18:00:00,16.844131722196426,11.52439752961282
1112,2017-10-06 00:00:00,15.485428316881269,11.511357019217051
1113,2017-10-06 06:00:00,11.233233946831897,11.49832019962252
1114,2017-10-06 12:00:00,10.89772224779612,11.485287178660005
1115,2017-10-06 18:00:00,9.257216209754839,11.472258064993566
1116,2017-10-07 00:00:00,8.526364990983856,11.459232968135787
1117,2017-10-07 06:00:00,11.406598654540355,11.446211998463022
1118,2017-10-07 12:00:00,14.124685326769537,11.433195267230662
1119,2017-10-07 18:00:00,8.846579804045376,11.420182886588382
1120,2017-10-08 00:00:00,4.853412703160416,11.407174969595433
1121,2017-10-08 06:00:00,12.14900752049192,11.394171630235908
1122,2017-10-08 12:00:00,16.259450747179653,11.38117298343403
1123,2017-10-08 18:00:00,11.630273120564235,11.368179145069439
1124,2017-10-09 00:00:00,8.543361530955261,11.355190231992475
1125,2017-10-09 06:00:00,12.953283791939393,11.342206362039484
1126,2017-10-09 12:00:00,15.085669696753513,11.329227654048095
1127,2017-10-09 18:00:00,9.624681403936895,11.31625422787253
1128,2017-10-10 00:00:00,8.497130942233023,11.303286204398878
1129,2017-10-10 06:00:00,11.67276447049277,11.2903237055604
1130,2017-10-10 12:00:00,16.65309061291769,11.277366854352804
1131,2017-10-10 18:00:00,10.089366806755455,11.264415774849528
1132,2017-10-11 00:00:00,7.022511134312784,11.251470592217014
1133,2017-10-11 06:00:00,14.672993706247476,11.238531432729973
1134,2017-10-11 12:00:00,20.64761743700036,11.225598423786643
1135,2017-10-11 18:00:00,11.65474813812306,11.212671693924031
1136,2017-10-12 00:00:00,7.512691347088473,11.199751372833152
1137,2017-10-12 06:00:00,16.306021266701332,11.186837591374248
1138,2017-10-12 12:00:00,21.56339101066037,11.173930481591983
1139,2017-10-12 18:00:00,11.968164335196008,11.161030176730643
1140,2017-10-13 00:00:00,9.960872964571536,11.148136811249296
1141,2017-10-13 06:00:00,17.05828812583628,11.135250520836948
1142,2017-10-13 12:00:00,20.470173559698765,11.122371442427651
1143,2017-10-13 18:00:00,12.128951603325637,11.109499714215632
1144,2017-10-14 00:00:00,9.131101883166915,11.096635475670343
1145,2017-10-14 06:00:00,15.404524786617316,11.083778867551516
1146,2017-10-14 12:00:00,19.648560817480405,11.070930031924192
1147,2017-10-14 18:00:00,10.787244737981885,11.058089112173679
1148,2017-10-15 00:00:00,7.943723600763652,11.045256253020533
1149,2017-10-15 06:00:00,16.092884655459738,11.032431600535448
1150,2017-10-15 12:00:00,21.503903120760413,11.019615302154145
1151,2017-10-15 18:00:00,14.489771005355607,11.006807506692198
1152,2017-10-16 00:00:00,9.363614549975912,10.994008364359832
1153,2017-10-16 06:00:00,17.87514183686265,10.981218026776657
1154,2017-10-16 12:00:00,23.556405287708856,10.968436646986374
1155,2017-10-16 18:00:00,14.229384012993478,10.955664379471415
1156,2017-10-17 00:00:00,9.837478084379038,10.942901380167537
1157,2017-10-17 06:00:00,17.80001713018899,10.93014780647836
1158,2017-10-17 12:00:00,24.68803491900586,10.91740381728983
1159,2017-10-17 18:00:00,14.551978341650985,10.90466957298466
1160,2017-10-18 00:00:00,10.829396157110997,10.891945235456657
1161,2017-10-18 06:00:00,17.8948578232295,10.879230968125007
1162,2017-10-18 12:00:00,24.84236350194634,10.866526935948512
1163,2017-10-18 18:00:00,15.637037453426311,10.853833305439695
1164,2017-10-19 00:00:00,11.168647094940496,10.841150244678882
1165,2017-10-19 06:00:00,18.587636792464508,10.828477923328185
1166,2017-10-19 12:00:00,23.67300155191279,10.815816512645396
1167,2017-10-19 18:00:00,12.494717143510542,10.803166185497803
1168,2017-10-20 00:00:00,8.81836554769282,10.790527116375909
1169,2017-10-20 06:00:00,17.49543913390117,10.777899481407072
1170,2017-10-20 12:00:00,24.298814153660402,10.765283458369023
1171,2017-10-20 18:00:00,14.237202421380326,10.752679226703316
1172,2017-10-21 00:00:00,9.682129709040291,10.740086967528645
1173,2017-10-21 06:00:00,16.636094072946264,10.727506863654073
1174,2017-10-21 12:00:00,20.805005397135698,10.714939099592137
1175,2017-10-21 18:00:00,11.635032151756215,10.702383861571839
1176,2017-10-22 00:00:00,8.593331358471232,10.68984133755153
1177,2017-10-22 06:00:00,14.964314401357589,10.677311717231653
1178,2017-10-22 12:00:00,19.854558881933986,10.664795192067375
1179,2017-10-22 18:00:00,15.3538750975025,10.652291955281068
1180,2017-10-23 00:00:00,12.887337216850304,10.639802201874677
1181,2017-10-23 06:00:00,9.820481544407622,10.62732612864192
1182,2017-10-23 12:00:00,9.30208707527938,10.614863934180377
1183,2017-10-23 18:00:00,9.382650674743891,10.602415818903399
1184,2017-10-24 00:00:00,9.30242700607881,10.58998198505188
1185,2017-10-24 06:00:00,9.377551712752469,10.577562636705867
1186,2017-10-24 12:00:00,10.22703878052395,10.565157979796004
1187,2017-10-24 18:00:00,8.74901966460943,10.55276822211481
1188,2017-10-25 00:00:00,7.491275706724508,10.54039357332779
1189,2017-10-25 06:00:00,9.230361676599983,10.528034244984358
1190,2017-10-25 12:00:00,12.54740641742194,10.515690450528584
1191,2017-10-25 18:00:00,6.906254800908282,10.50336240530975
1192,2017-10-26 00:00:00,4.40368425551669,10.491050326592715
1193,2017-10-26 06:00:00,11.582342877844829,10.478754433568088
1194,2017-10-26 12:00:00,16.56742805146173,10.466474947362183
1195,2017-10-26 18:00:00,9.400667007113602,10.454212091046768
1196,2017-10-27 00:00:00,6.477602062829125,10.441966089648629
1197,2017-10-27 06:00:00,13.511790095400206,10.429737170158862
1198,2017-10-27 12:00:00,17.369324807313244,10.417525561541986
1199,2017-10-27 18:00:00,9.617202926349478,10.405331494744797
1200,2017-10-28 00:00:00,8.974393784630422,10.393155202705005
1201,2017-10-28 06:00:00,10.986104255647481,10.380996920359609
1202,2017-10-28 12:00:00,12.217673541976419,10.368856884653036
1203,2017-10-28 18:00:00,8.72182520065517,10.356735334545027
1204,2017-10-29 00:00:00,7.56062158980788,10.34463251101825
1205,2017-10-29 06:00:00,11.764205855538998,10.332548657085662
1206,2017-10-29 12:00:00,12.802354516993214,10.320484017797584
1207,2017-10-29 18:00:00,9.129062298370343,10.30843884024851
1208,2017-10-30 00:00:00,6.64382822374959,10.296413373583624
1209,2017-10-30 06:00:00,8.933942019498451,10.284407869005014
1210,2017-10-30 12:00:00,9.942516701402411,10.272422579777617
1211,2017-10-30 18:00:00,5.659728559404471,10.260457761234834
1212,2017-10-31 00:00:00,2.6166680429217877,10.248513670783842
1213,2017-10-31 06:00:00,6.800196391486632,10.236590567910584
1214,2017-10-31 12:00:00,9.032861882132105,10.224688714184452
1215,2017-10-31 18:00:00,5.249432084494458,10.212808373262614
1216,2017-11-01 00:00:00,3.8363397512707516,10.200949810894016
1217,2017-11-01 06:00:00,9.288829774101666,10.18911329492305
1218,2017-11-01 12:00:00,12.242488490334702,10.177299095292842
1219,2017-11-01 18:00:00,5.543472225999977,10.165507484048211
1220,2017-11-02 00:00:00,4.579428478821161,10.153738735338244
1221,2017-11-02 06:00:00,10.667249165783678,10.141993125418509
1222,2017-11-02 12:00:00,15.510923126838387,10.130270932652873
1223,2017-11-02 18:00:00,9.724281128169403,10.11857243751496
1224,2017-11-03 00:00:00,10.043476148832639,10.106897922589178
1225,2017-11-03 06:00:00,10.77874646799618,10.095247672571391
1226,2017-11-03 12:00:00,11.689081148865313,10.083621974269136
1227,2017-11-03 18:00:00,6.0571076639362404,10.07202111660145
1228,2017-11-04 00:00:00,3.1568180832134565,10.060445390598284
1229,2017-11-04 06:00:00,6.260046351194973,10.048895089399455
1230,2017-11-04 12:00:00,10.568669233949455,10.037370508253186
1231,2017-11-04 18:00:00,6.476922201230271,10.025871944514195
1232,2017-11-05 00:00:00,5.398661705443506,10.014399697641323
1233,2017-11-05 06:00:00,9.507065347334674,10.00295406919472
1234,2017-11-05 12:00:00,14.193011417454642,9.991535362832533
1235,2017-11-05 18:00:00,8.635482777600354,9.980143884307168
1236,2017-11-06 00:00:00,6.787958882707206,9.968779941461008
1237,2017-11-06 06:00:00,11.060549100722303,9.95744384422171
1238,2017-11-06 12:00:00,14.047181104499865,9.946135904596934
1239,2017-11-06 18:00:00,9.266054410539965,9.93485643666863
1240,2017-11-07 00:00:00,8.253400559042879,9.923605756586776
1241,2017-11-07 06:00:00,12.031731394689112,9.91238418256261
1242,2017-11-07 12:00:00,13.943842141473652,9.901192034861326
1243,2017-11-07 18:00:00,9.674311300653434,9.890029635794253
1244,2017-11-08 00:00:00,9.358855518783912,9.878897309710474
1245,2017-11-08 06:00:00,10.521078922029469,9.86779538298791
1246,2017-11-08 12:00:00,12.376421225309477,9.856724184023847
1247,2017-11-08 18:00:00,9.534599742088366,9.845684043224882
1248,2017-11-09 00:00:00,7.838005122141425,9.834675292996323
1249,2017-11-09 06:00:00,10.46159103212951,9.823698267730997
1250,2017-11-09 12:00:00,12.741506903895546,9.812753303797486
1251,2017-11-09 18:00:00,9.907843759860734,9.801840739527748
1252,2017-11-10 00:00:00,8.976433369426994,9.790960915204158
1253,2017-11-10 06:00:00,10.460911170530656,9.780114173045956
1254,2017-11-10 12:00:00,12.015754647115983,9.76930085719504
1255,2017-11-10 18:00:00,7.387256882099422,9.758521313701179
1256,2017-11-11 00:00:00,4.480168685388065,9.747775890506588
1257,2017-11-11 06:00:00,9.374492335557619,9.737064937429865
1258,2017-11-11 12:00:00,12.96416157752112,9.726388806149298
1259,2017-11-11 18:00:00,8.84725966564423,9.715747850185512
1260,2017-11-12 00:00:00,7.1115730037630085,9.705142424883478
1261,2017-11-12 06:00:00,11.277424950757583,9.694572887393877
1262,2017-11-12 12:00:00,14.57067453561954,9.684039596653752
1263,2017-11-12 18:00:00,11.276745089158728,9.673542913366548
1264,2017-11-13 00:00:00,11.133294291799947,9.66308319998143
1265,2017-11-13 06:00:00,12.172122814853026,9.65266082067196
1266,2017-11-13 12:00:00,8.603869213253518,9.64227614131404
1267,2017-11-13 18:00:00,5.792641501980967,9.631929529463218
1268,2017-11-14 00:00:00,5.176007031817932,9.62162135433124
1269,2017-11-14 06:00:00,4.8843464059083885,9.611351986761948
1270,2017-11-14 12:00:00,5.669586552587911,9.601121799206442
1271,2017-11-14 18:00:00,5.491462813687434,9.590931165697532
1272,2017-11-15 00:00:00,4.571270139634872,9.58078046182348
1273,2017-11-15 06:00:00,4.331618926037891,9.570670064701025
1274,2017-11-15 12:00:00,4.802083152446727,9.560600352947679
1275,2017-11-15 18:00:00,4.727978238171346,9.550571706653276
1276,2017-11-16 00:00:00,4.796644259655882,9.540584507350829
1277,2017-11-16 06:00:00,6.411315556940593,9.530639137986602
1278,2017-11-16 12:00:00,8.299971078564568,9.520735982889482
1279,2017-11-16 18:00:00,7.484817021535359,9.510875427739581
1280,2017-11-17 00:00:00,6.694137982064983,9.501057859536111
1281,2017-11-17 06:00:00,7.8570412469094135,9.491283666564504
1282,2017-11-17 12:00:00,9.296988113287947,9.481553238362778
1283,2017-11-17 18:00:00,7.359722487345721,9.471866965687154
1284,2017-11-18 00:00:00,6.163506004157303,9.462225240476918
1285,2017-11-18 06:00:00,6.05030904794766,9.452628455818532
1286,2017-11-18 12:00:00,6.791018259902074,9.443077005908973
1287,2017-11-18 18:00:00,6.176083443736161,9.433571286018337
1288,2017-11-19 00:00:00,4.6300781679359675,9.424111692451662
1289,2017-11-19 06:00:00,5.15969035344536,9.414698622510011
1290,2017-11-19 12:00:00,6.857644696590029,9.405332474450772
1291,2017-11-19 18:00:00,4.570250347236595,9.396013647447234
1292,2017-11-20 00:00:00,2.219628869189459,9.386742541547363
1293,2017-11-20 06:00:00,4.784746681675888,9.377519557631862
1294,2017-11-20 12:00:00,7.0779198546196085,9.368345097371442
1295,2017-11-20 18:00:00,2.5952524025578136,9.359219563183355
1296,2017-11-21 00:00:00,0.31941570038492273,9.35014335818718
1297,2017-11-21 06:00:00,4.69160564263251,9.341116886159842
1298,2017-11-21 12:00:00,9.125662990376062,9.332140551489887
1299,2017-11-21 18:00:00,7.647303943662128,9.323214759131037
1300,2017-11-22 00:00:00,7.896133288843667,9.314339914554967
1301,2017-11-22 06:00:00,11.133294291799956,9.305516423703367
1302,2017-11-22 12:00:00,13.890133075163979,9.296744692939273
1303,2017-11-22 18:00:00,8.67185537313919,9.288025128997658
1304,2017-11-23 00:00:00,5.1097205259294,9.27935813893531
1305,2017-11-23 06:00:00,9.699806110610552,9.270744130079981
1306,2017-11-23 12:00:00,13.850701102430284,9.262183509978835
1307,2017-11-23 18:00:00,7.855681523711695,9.253676686346187
1308,2017-11-24 00:00:00,6.586379918646192,9.245224067010534
1309,2017-11-24 06:00:00,10.552692486376316,9.23682605986091
1310,2017-11-24 12:00:00,11.896438936516631,9.228483072792532
1311,2017-11-24 18:00:00,5.331355407156697,9.220195513651806
1312,2017-11-25 00:00:00,2.5609193918155504,9.21196379018063
1313,2017-11-25 06:00:00,7.191116810829262,9.20378830996004
1314,2017-11-25 12:00:00,12.540947732232809,9.195669480353246
1315,2017-11-25 18:00:00,8.303370386558859,9.187607708447961
1316,2017-11-26 00:00:00,8.2584995210343,9.179603400998163
1317,2017-11-26 06:00:00,7.2849377114714855,9.171656964365198
1318,2017-11-26 12:00:00,5.84635056829065,9.163768804458286
1319,2017-11-26 18:00:00,4.272470966937344,9.155939326674423
1320,2017-11-27 00:00:00,3.0354627878175413,9.148168935837726
1321,2017-11-27 06:00:00,3.550457948951504,9.14045803613815
1322,2017-11-27 12:00:00,4.135818785567153,9.132807031069706
1323,2017-11-27 18:00:00,0.15658884745874957,9.125216323368088
1324,2017-11-28 00:00:00,-2.033925224057621,9.117686314947775
1325,2017-11-28 06:00:00,1.5231106611607572,9.110217406838652
1326,2017-11-28 12:00:00,4.455693667829233,9.102809999122059
1327,2017-11-28 18:00:00,-0.35466707488150934,9.095464490866407
1328,2017-11-29 00:00:00,-1.20381421185355,9.088181280062308
1329,2017-11-29 06:00:00,2.5578600146206916,9.080960763557226
1330,2017-11-29 12:00:00,7.677217854011815,9.073803336989714
1331,2017-11-29 18:00:00,6.063906279924804,9.066709394723214
1332,2017-11-30 00:00:00,5.989801365649413,9.05967932977945
1333,2017-11-30 06:00:00,6.612554590202184,9.052713533771431
1334,2017-11-30 12:00:00,6.542188914720508,9.045812396836109
1335,2017-11-30 18:00:00,3.4348814771458556,9.03897630756664
1336,2017-12-01 00:00:00,1.6189711465995629,9.032205652944352
1337,2017-12-01 06:00:00,2.831504308160523,9.025500818270391
1338,2017-12-01 12:00:00,4.771149449698744,9.018862187097056
1339,2017-12-01 18:00:00,2.351182088568237,9.012290141158893
1340,2017-12-02 00:00:00,0.6086968106984614,9.005785060303507
1341,2017-12-02 06:00:00,1.480619311232213,8.999347322422173
1342,2017-12-02 12:00:00,2.9644172507370095,8.992977303380213
1343,2017-12-02 18:00:00,1.130150657021564,8.986675376947204
1344,2017-12-03 00:00:00,0.27454483486038345,8.98044191472703
1345,2017-12-03 06:00:00,-0.10277835250511203,8.97427728608775
1346,2017-12-03 12:00:00,0.17290552583130156,8.968181858091418
1347,2017-12-03 18:00:00,-0.06300644897197571,8.962155995423744
1348,2017-12-04 00:00:00,-1.0107335177782488,8.956200060323722
1349,2017-12-04 06:00:00,-1.1735603707044315,8.950314412513197
1350,2017-12-04 12:00:00,1.3089542575208857,8.94449940912643
1351,2017-12-04 18:00:00,1.7090528084480734,8.93875540463963
1352,2017-12-05 00:00:00,0.9214331461725465,8.933082750800569
1353,2017-12-05 06:00:00,1.6465055413532639,8.927481796558185
1354,2017-12-05 12:00:00,3.310806735354504,8.921952887992326
1355,2017-12-05 18:00:00,3.28123275580424,8.916496368243566
1356,2017-12-06 00:00:00,2.7543400166902736,8.91111257744316
1357,2017-12-06 06:00:00,4.837435955587277,8.90580185264316
1358,2017-12-06 12:00:00,6.440209674892013,8.900564527746722
1359,2017-12-06 18:00:00,1.2820997243660486,8.895400933438614
1360,2017-12-07 00:00:00,-0.9186122711331753,8.890311397115966
1361,2017-12-07 06:00:00,2.7815344806445523,8.885296242819296
1362,2017-12-07 12:00:00,6.975600683991662,8.880355791163822
1363,2017-12-07 18:00:00,1.3086143267214538,8.8754903592711
1364,2017-12-08 00:00:00,0.21199756776557402,8.870700260701001
1365,2017-12-08 06:00:00,6.106057699053935,8.865985805384085
1366,2017-12-08 12:00:00,11.41203754733121,8.86134729955436
1367,2017-12-08 18:00:00,8.275496061005725,8.856785045682487
1368,2017-12-09 00:00:00,6.791358190701497,8.852299342409442
1369,2017-12-09 06:00:00,2.5075502563052887,8.847890484480663
1370,2017-12-09 12:00:00,0.9448883713331213,8.843558762680724
1371,2017-12-09 18:00:00,0.769144148028649,8.839304463768554
1372,2017-12-10 00:00:00,-1.3843174663500122,8.83512787041321
1373,2017-12-10 06:00:00,0.22831424613813547,8.831029261130276
1374,2017-12-10 12:00:00,2.99025199149357,8.827008910218883
1375,2017-12-10 18:00:00,2.7070896355697394,8.82306708769938
1376,2017-12-11 00:00:00,4.700443843417645,8.819204059251701
1377,2017-12-11 06:00:00,9.278291919319381,8.815420086154429
1378,2017-12-11 12:00:00,12.563383164995079,8.81171542522463
1379,2017-12-11 18:00:00,9.420382993480445,8.80809032875841
1380,2017-12-12 00:00:00,9.369053442766765,8.804545044472322
1381,2017-12-12 06:00:00,13.395533761995702,8.801079815445533
1382,2017-12-12 12:00:00,15.17847080499746,8.797694880062902
1383,2017-12-12 18:00:00,11.063948408716564,8.794390471958893
1384,2017-12-13 00:00:00,7.147605668502403,8.791166819962392
1385,2017-12-13 06:00:00,4.016503074967782,8.788024148042478
1386,2017-12-13 12:00:00,2.8165473529856513,8.784962675255118
1387,2017-12-13 18:00:00,1.6974951612675113,8.781982615690861
1388,2017-12-14 00:00:00,1.371841455415127,8.779084178423522
1389,2017-12-14 06:00:00,3.866253661620457,8.776267567459909
1390,2017-12-14 12:00:00,8.352660352475956,8.773532981690586
1391,2017-12-14 18:00:00,7.793474187416318,8.770880614841738
1392,2017-12-15 00:00:00,7.731606781920353,8.768310655428104
1393,2017-12-15 06:00:00,10.367770131487296,8.765823286707064
1394,2017-12-15 12:00:00,12.220392988371856,8.763418686633859
1395,2017-12-15 18:00:00,10.327658297154747,8.761097027817968
1396,2017-12-16 00:00:00,5.696781016542171,8.758858477480706
1397,2017-12-16 06:00:00,3.10922777129349,8.756703197414003
1398,2017-12-16 12:00:00,4.758232079320474,8.754631343940428
1399,2017-12-16 18:00:00,2.3556011889608235,8.752643067874475
1400,2017-12-17 00:00:00,0.711695842925252,8.750738514485098
1401,2017-12-17 06:00:00,0.8575261558800283,8.748917823459552
1402,2017-12-17 12:00:00,2.1570816020946495,8.74718112886855
1403,2017-12-17 18:00:00,0.6029179871081661,8.745528559132723
1404,2017-12-18 00:00:00,-1.3720799575705958,8.743960236990446
1405,2017-12-18 06:00:00,-0.2217541323050322,8.742476279467027
1406,2017-12-18 12:00:00,1.4486658160859445,8.74107679784524
1407,2017-12-18 18:00:00,0.07092628600280666,8.739761897637287
1408,2017-12-19 00:00:00,-0.34174970450322917,8.73853167855815
1409,2017-12-19 06:00:00,0.2946007520266581,8.737386234500363
1410,2017-12-19 12:00:00,1.5227707303613158,8.736325653510212
1411,2017-12-19 18:00:00,-0.9475063890845661,8.735350017765391
1412,2017-12-20 00:00:00,-2.197092007783226,8.734459403554117
1413,2017-12-20 06:00:00,-1.1378676367644591,8.733653881255691
1414,2017-12-20 12:00:00,0.3687056663020485,8.732933515322566
1415,2017-12-20 18:00:00,-1.2038142118535593,8.732298364263881
1416,2017-12-21 00:00:00,-2.69475069814636,8.731748480630495
1417,2017-12-21 06:00:00,-1.6895753242366898,8.731283911001547
1418,2017-12-21 12:00:00,-0.03207274622399344,8.73090469597249
1419,2017-12-21 18:00:00,-1.942143908211951,8.730610870144663
1420,2017-12-22 00:00:00,-0.95464493587257,8.730402462116393
1421,2017-12-22 06:00:00,1.3313896902831555,8.730279494475615
1422,2017-12-22 12:00:00,2.5497016754343917,8.73024198379402
1423,2017-12-22 18:00:00,1.958901946027898,8.730289940622733
1424,2017-12-23 00:00:00,2.232546239567739,8.730423369489557
1425,2017-12-23 06:00:00,3.985909303019232,8.730642268897716
1426,2017-12-23 12:00:00,5.488743367292017,8.730946631326173
1427,2017-12-23 18:00:00,5.637972988241056,8.731336443231449
1428,2017-12-24 00:00:00,5.5441520875988415,8.731811685051019
1429,2017-12-24 06:00:00,8.24082311946404,8.732372331208222
1430,2017-12-24 12:00:00,10.549973039980898,8.733018350118694
1431,2017-12-24 18:00:00,4.202445222255098,8.733749704198374
1432,2017-12-25 00:00:00,1.0655638051301821,8.734566349872972
1433,2017-12-25 06:00:00,4.85885159595126,8.735468237589027
1434,2017-12-25 12:00:00,9.909203483058425,8.736455311826427
1435,2017-12-25 18:00:00,2.1115308749712463,8.737527511112456
1436,2017-12-26 00:00:00,-0.6041762816619306,8.738684768037361
1437,2017-12-26 06:00:00,3.1408413356403266,8.739927009271376
1438,2017-12-26 12:00:00,7.832906160149993,8.741254155583258
1439,2017-12-26 18:00:00,4.7748886884924575,8.742666121860292
1440,2017-12-27 00:00:00,4.013103766973511,8.744162817129743
1441,2017-12-27 06:00:00,8.648400147978643,8.745744144581792
1442,2017-12-27 12:00:00,12.88053860086174,8.747410001593883
1443,2017-12-27 18:00:00,9.685529017034554,8.749160279756513
1444,2017-12-28 00:00:00,9.906484036662997,8.75099486490044
1445,2017-12-28 06:00:00,12.369282678521481,8.752913637125282
1446,2017-12-28 12:00:00,12.167703714460458,8.754916470829508
1447,2017-12-28 18:00:00,6.544908361115944,8.757003234741799
1448,2017-12-29 00:00:00,3.1687156611934597,8.759173791953769
1449,2017-12-29 06:00:00,3.6170843856394583,8.761427999954007
1450,2017-12-29 12:00:00,3.9396787142969742,8.763765710663458
1451,2017-12-29 18:00:00,0.8262525223326141,8.766186770472109
1452,2017-12-30 00:00:00,-3.300167451928265,8.768691020276929
1453,2017-12-30 06:00:00,-0.12113461567423656,8.771278295521112
1454,2017-12-30 12:00:00,2.6428427144777706,8.773948426234544
1455,2017-12-30 18:00:00,-0.7333499854447041,8.776701237075493
1456,2017-12-31 00:00:00,0.36734594310431135,8.779536547373512
1457,2017-12-31 06:00:00,3.5256430005932295,8.782454171173523
1458,2017-12-31 12:00:00,7.815229758579733,8.785453917281062
1459,2017-12-31 18:00:00,2.8804543432781977,8.788535589308651
